CK,Tran,San,TC,Giamua3,KLmua3,Giamua2,KLmua2,Giamua1,KLmua1,Giakhop,Khoiluongkhoplenh,Thaydoi,Phantramthaydoi,Giaban3,KLban3,Giaban2,KLban2,Giaban1,KLban1Caonhat,Thapnhat,TongKL,DTNNmua,DTNNban,DTNNdu
AAA,17.4,15.2,16.3,16.2,"46,000",16.25,"11,100",16.3,"28,000",16.35,"26,500",0.05,0.3%,16.35,"223,500",16.4,"122,000",16.45,"46,200","4,139,200",16.5,15.6,"199,500","16,800","215,639,148"
AAM,11.75,10.25,11,10.5,500,10.55,"1,200",10.6,100,11,100,0.00,0.0%,11,"1,600",11.15,"1,500",11.2,"1,200",200,11,11,,,"5,932,115"
AAT,17.1,14.9,16,16.95,"22,600",17,"1,600",17.1,"77,400",17.1,"1,000",1.10,6.9%,,,,,,,"863,000",17.1,15.9,,,"17,038,900"
ABS,77.5,67.5,72.5,69,"2,100",69.5,"1,100",70,400,70.1,100,-2.40,-3.3%,70.1,"2,700",71,600,72.4,"1,500","264,700",72.9,67.5,,,
ACB,34.75,30.25,32.5,32.7,"51,700",32.75,"55,500",32.8,"31,700",32.85,500,0.35,1.1%,32.85,"9,500",32.9,"86,500",32.95,"41,500","4,196,000",32.9,32.1,,,1
ACC,16.9,14.7,15.8,15.1,200,15.2,"2,100",15.3,800,15.4,100,-0.40,-2.5%,15.6,"3,300",15.7,"1,400",15.75,100,"25,700",15.6,15,,,"11,013,173"
ACL,13.55,11.85,12.7,12.4,800,12.5,"5,000",12.55,"6,600",12.6,"2,000",-0.10,-0.8%,12.7,700,12.75,"2,400",12.85,"14,500","31,500",12.8,12.55,,,"18,351,324"
ADG,67.4,58.6,63,61,"5,500",61.3,800,61.5,"4,200",61.8,800,-1.20,-1.9%,61.8,200,61.9,"1,000",62,"1,400","72,500",63,61.3,,"4,500","4,124,365"
ADS,14.45,12.65,13.55,13.95,100,14,100,14.1,"4,200",14.1,500,0.55,4.1%,14.2,"1,400",14.3,"3,100",14.35,"31,200","74,400",14.1,13.5,"4,800",500,"13,715,223"
AGG,47.6,41.4,44.5,44.7,"26,300",44.75,"12,100",44.8,"12,500",44.85,100,0.35,0.8%,44.85,"8,400",44.9,"44,100",44.95,"32,000","1,907,900",45,44.4,"8,600","63,800","35,538,896"
AGM,15.75,13.75,14.75,13.9,"3,700",13.95,"5,200",14.2,"20,000",14.2,200,-0.55,-3.7%,14.4,300,14.5,500,14.6,"2,200","13,200",15.2,13.8,,,"7,716,530"
AGR,11.85,10.35,11.1,11.05,"32,600",11.1,"13,700",11.15,"9,700",11.2,300,0.10,0.9%,11.2,"6,100",11.25,"20,000",11.3,"6,300","734,100",11.35,10.9,"10,400","15,700","102,934,661"
AMD,7.95,6.91,7.43,7.79,"6,300",7.8,"24,800",7.81,"19,000",7.85,"2,400",0.42,5.7%,7.82,300,7.85,"5,300",7.88,"6,600","7,493,900",7.93,7.2,"60,500","172,600","77,955,503"
ANV,21.55,18.75,20.15,21.35,500,21.5,"14,500",21.55,"23,700",21.55,"1,000",1.40,6.9%,,,,,,,"160,300",21.55,20.15,200,"10,700","61,067,765"
APC,24.25,21.15,22.7,22.1,"1,500",22.2,"3,300",22.25,400,22.4,200,-0.30,-1.3%,22.45,300,22.5,900,22.6,"3,200","24,600",22.6,22,,,"6,719,054"
APG,9.84,8.56,9.2,9.16,"2,400",9.17,"1,300",9.2,"6,300",9.23,200,0.03,0.3%,9.21,"20,200",9.23,300,9.24,"17,900","844,200",9.24,8.89,"12,500","2,900","33,941,050"
APH,52.6,45.8,49.2,49.7,"10,200",49.8,"9,500",49.9,"4,000",50,"2,000",0.80,1.6%,50,"13,000",50.1,"8,700",50.2,"9,000","880,400",50,49,"147,900","1,100","78,682,839"
ASG,37.3,32.5,34.9,34,"3,900",34.1,500,34.2,100,34.3,100,-0.60,-1.7%,34.9,"1,600",35,"1,300",35.8,300,"4,600",35,34.3,,,"18,440,479"
ASM,15.5,13.5,14.5,14.4,"33,100",14.45,"4,400",14.5,700,14.5,200,0.00,0.0%,14.6,"40,400",14.65,"42,700",14.7,"55,700","1,001,200",14.8,14.3,"1,300","36,100","123,147,742"
ASP,7.43,6.47,6.95,6.8,"26,900",6.81,"1,200",6.9,"4,500",6.9,200,-0.05,-0.7%,7,"5,000",7.2,300,7.3,"21,500","59,000",6.9,6.8,,,166
AST,59.3,51.7,55.5,55.4,300,55.5,200,55.6,300,55.7,100,0.20,0.4%,55.7,300,55.8,"1,800",55.9,600,"16,100",56,55,,"3,500","2,306,478"
ATG,0.65,0.57,0.61,,,,,,,,,,,,,,,,,,,,,,"7,327,570"
BCE,13.05,11.35,12.2,11.8,"12,100",11.85,"4,900",11.9,"17,000",11.95,400,-0.25,-2.0%,11.95,"8,300",12,"14,000",12.1,"21,100","151,300",12.1,11.8,,"4,800","16,429,186"
BCG,13.7,12,12.85,12.6,"8,300",12.65,"6,800",12.7,"15,700",12.7,"4,900",-0.15,-1.2%,12.75,"23,400",12.8,"46,800",12.85,"18,900","1,939,300",12.8,12.2,"86,000",500,"56,802,959"
BCM,59.9,52.1,56,55,"2,100",55.5,"2,000",55.6,"2,000",56,"1,300",0.00,0.0%,56,"15,200",56.2,"5,000",56.5,"1,500","8,300",56,52.4,"2,000",,"486,446,640"
BFC,23.1,20.1,21.6,20.85,"37,000",20.9,"2,000",21,"3,400",21.25,"1,000",-0.35,-1.6%,21.25,100,21.4,200,21.45,600,"70,000",21.4,20.7,,"1,300","25,998,136"
BHN,72.7,63.3,68,64.6,100,67,"1,100",67.2,200,68,100,0.00,0.0%,67.8,100,68,"2,800",68.8,300,100,68,68,,,"73,135,230"
BIC,22.35,19.45,20.9,20.75,"2,200",20.8,"3,300",20.85,"3,500",20.95,100,0.05,0.2%,20.95,"3,500",21,"17,700",21.1,400,"49,500",21.1,20.7,"40,800","12,600","3,367,661"
BID,43.85,38.15,41,41.4,"15,200",41.45,"8,000",41.5,"5,000",41.5,"2,000",0.50,1.2%,41.55,"6,600",41.6,"43,500",41.65,"13,200","2,463,000",41.65,40.85,"20,200","40,300","529,027,151"
BKG,11.3,9.86,10.6,10.3,100,10.35,"20,000",10.4,"13,300",10.5,"2,500",-0.10,-0.9%,10.5,"2,900",10.6,"18,600",10.7,200,"80,400",10.6,10.25,300,"1,100","15,646,300"
BMC,16.9,14.7,15.8,15.65,"8,400",15.7,"3,500",15.8,"2,900",15.8,"1,000",0.00,0.0%,15.9,"3,100",16,"10,900",16.1,"1,000","52,100",16.3,15.6,300,"1,400","4,835,437"
BMI,29.95,26.05,28,28.5,"13,500",28.6,"2,100",28.7,"2,000",28.7,"1,000",0.70,2.5%,28.8,800,28.9,"17,000",28.95,"10,200","590,700",29.5,27.75,"8,600",200,"14,051,320"
BMP,63.1,54.9,59,57.9,"1,300",58,"6,700",58.1,"2,100",58.2,200,-0.80,-1.4%,58.2,"9,800",58.9,"1,300",59,"9,400","67,500",59,57.7,,"6,200","15,061,205"
BRC,13.95,12.15,13.05,12.9,100,13,300,13.1,400,13.1,600,0.05,0.4%,13.6,500,13.7,"1,300",13.75,100,600,13.1,13.1,,,"5,994,928"
BSI,14.95,13.05,14,13.85,"8,700",13.9,"3,200",13.95,"3,300",13.95,800,-0.05,-0.4%,14,"6,300",14.05,"1,400",14.1,"6,400","460,500",14.05,13.7,,"42,200","58,680,328"
BTP,16.05,13.95,15,14.5,300,14.8,"11,400",14.9,700,15,"1,600",0.00,0.0%,15,"4,000",15.05,100,15.1,"4,100","2,000",15,15,"1,600",,"23,780,124"
BTT,53.5,46.5,50,46.5,200,47,"2,000",49.5,500,,,,,52,500,52.5,600,53.5,100,,,,,,"6,554,157"
BVH,62,54,58,57.8,800,57.9,"1,600",58,"1,700",58,100,0.00,0.0%,58.1,"22,500",58.2,"11,500",58.3,900,"611,600",58.5,57.4,"75,800","27,700","160,874,964"
BWE,31.65,27.55,29.6,29.35,"20,900",29.4,"11,800",29.45,"2,500",29.45,"5,000",-0.15,-0.5%,29.6,"16,400",29.65,"15,200",29.7,"16,000","238,900",29.7,29.2,"3,000","106,900","61,289,280"
C32,28.7,25,26.85,26.65,"1,000",26.75,"4,700",26.8,"3,300",26.8,100,-0.05,-0.2%,26.9,"1,400",27,"1,500",27.1,100,"61,900",26.9,26.6,"14,200","4,400","5,095,742"
C47,12.8,11.2,12,11.65,"1,200",11.7,"8,100",11.8,"18,100",11.8,300,-0.20,-1.7%,11.9,200,12,"17,500",12.1,"26,600","102,600",12.1,11.6,700,"2,700","9,028,549"
CAV,67.1,58.5,62.8,61.5,100,61.6,100,61.9,100,61.9,300,-0.90,-1.4%,63.4,"2,500",63.5,"1,200",63.6,200,700,61.9,61.9,,,"28,052,058"
CCI,17.3,15.1,16.2,15.2,"1,000",15.25,100,16,500,16,400,-0.20,-1.2%,16.2,500,16.4,"9,900",16.45,500,"1,000",16,16,,,"8,264,343"
CCL,13.6,11.9,12.75,12.5,"1,700",12.55,"3,400",12.6,"17,900",12.65,500,-0.10,-0.8%,12.65,"20,200",12.7,"20,000",12.75,"4,100","288,800",12.65,12.3,"19,700",,"22,209,107"
CDC,16.75,14.65,15.7,15.05,100,15.1,"1,500",15.2,800,15.5,100,-0.20,-1.3%,15.5,700,15.55,500,15.6,400,"4,200",15.5,15.2,,,"10,687,498"
CEE,16.6,14.5,15.55,14.55,"1,500",14.6,"1,100",14.65,200,16.3,100,0.75,4.8%,16.3,100,16.4,"1,800",16.5,100,100,16.3,16.3,,,"20,332,650"
CFPT2012,6.99,4.75,5.87,5.89,"63,600",5.91,"53,700",5.98,100,6,100,0.13,2.2%,6,"1,600",6.03,"68,800",6.1,"1,200","22,900",6,5.78,,,"4,999,000"
CFPT2016,8.54,6.3,7.42,7.21,"2,500",7.3,"6,600",7.4,600,7.4,"4,000",-0.02,-0.3%,7.41,200,7.42,"6,100",7.44,"3,500","148,400",7.44,6.91,"1,000",,"4,868,370"
CFPT2101,5.08,3.22,4.15,4.05,"2,000",4.06,"4,100",4.07,500,4.06,100,-0.09,-2.2%,4.1,"19,600",4.15,"14,300",4.17,"2,500","104,100",4.15,3.3,,,"2,000,000"
CHDB2007,3.87,2.69,3.28,3.05,500,3.2,"10,000",3.22,"188,800",3.21,"2,300",-0.07,-2.1%,3.23,"188,800",3.29,600,3.37,"1,400","778,900",3.24,3.2,"759,000","13,600","1,454,420"
CHDB2008,2.62,1.48,2.05,1.89,"89,300",1.9,400,2,500,2,"39,500",-0.05,-2.4%,2.07,400,2.08,"1,500",2.1,"1,000","253,400",2.07,1.82,"34,100","16,000","2,715,200"
CHDB2101,2.45,1.73,2.09,2.04,"1,600",2.05,"3,900",2.07,"4,000",2.07,"2,300",-0.02,-1.0%,2.09,"16,500",2.1,"11,500",2.14,400,"100,900",2.1,2,,,"1,957,000"
CHP,20.1,17.5,18.8,18.2,"5,000",18.25,400,18.3,"2,000",18.4,"2,000",-0.40,-2.1%,18.7,"5,200",18.8,"5,500",18.9,500,"15,100",18.65,17.5,,,"66,377,217"
CHPG2018,7.53,5.63,6.58,6.41,"3,200",6.47,100,6.49,"111,100",6.5,"1,500",-0.08,-1.2%,6.51,"8,000",6.52,"10,000",6.53,"10,000","748,200",6.55,6.27,"171,900","436,100","5,520,480"
CHPG2020,36.5,28.9,32.7,30.9,500,31.18,"20,000",32.7,"3,300",32.7,"1,100",0.00,0.0%,33.98,"2,300",34.3,"1,500",35,500,"29,500",33.88,30.89,,,"999,750"
CHPG2022,16.9,13.1,15,14.2,"214,600",14.23,"213,800",14.26,"201,300",14.39,100,-0.61,-4.1%,14.46,"51,200",14.5,"20,400",14.51,"10,500","82,500",14.4,13.2,,,"4,999,500"
CHPG2026,11.81,8.01,9.91,9.51,"55,200",9.55,"10,200",9.6,"2,700",9.6,600,-0.31,-3.1%,9.84,"3,000",9.9,"5,300",9.95,"7,500","47,100",9.95,9.1,"4,800","7,600","2,973,200"
CHPG2101,6.1,4.2,5.15,5.1,"15,000",5.11,"2,100",5.15,"15,100",5.15,"5,000",0.00,0.0%,5.2,"7,500",5.25,"5,100",5.3,100,"214,000",5.16,5.08,,,"1,998,700"
CHPG2102,21.8,14.2,18,17.75,200,17.8,"1,600",18,"6,000",18.5,100,0.50,2.8%,18.5,"2,200",18.75,"8,000",18.8,"13,000","111,100",18.5,15.65,"1,300","3,900","3,987,100"
CHPG2103,10.85,7.05,8.95,8.85,"2,000",8.95,"8,000",9,"2,300",9,100,0.05,0.6%,9.03,100,9.15,"1,100",9.19,"3,100","456,800",9,8.41,,"4,000","3,967,300"
CHPG2104,7.05,4.53,5.79,5.46,"3,500",5.78,"2,000",5.79,700,5.79,"5,000",0.00,0.0%,5.8,"19,000",5.89,"15,100",5.9,"13,100","247,200",5.8,5.05,,,"1,999,600"
CHPG2105,11.7,7.9,9.8,9.65,"6,000",9.7,"1,000",9.85,200,9.85,100,0.05,0.5%,9.88,900,9.9,"4,500",9.98,300,"295,600",10,9.3,"1,000","4,700","4,848,700"
CIG,9.26,8.06,8.66,8.08,"2,600",8.1,"2,200",8.11,"1,600",8.5,300,-0.16,-1.8%,8.5,500,8.6,"1,600",8.65,"6,600","11,500",8.8,8.06,"1,000",,"15,446,024"
CII,22.55,19.65,21.1,21.05,"7,500",21.1,"24,700",21.15,"7,600",21.2,"2,000",0.10,0.5%,21.2,"26,800",21.25,"19,100",21.3,"38,900","1,326,200",21.3,20.5,"38,600","10,400","111,434,443"
CKDH2001,2.57,1.43,2,1.96,"3,100",2.04,"88,800",2.05,"5,800",2.05,"4,200",0.05,2.5%,2.1,"7,300",2.16,"1,000",2.2,"20,000","237,100",2.06,1.7,"82,300","13,000","2,958,790"
CKDH2002,3.17,2.03,2.6,2.63,"10,000",2.65,"49,500",2.7,"12,500",2.7,700,0.10,3.8%,2.72,"6,000",2.75,"10,000",2.8,"9,500","214,600",2.7,2.17,100,,"2,998,940"
CKDH2101,2.74,1.82,2.28,2.2,"6,300",2.21,500,2.25,"3,200",2.28,"1,000",0.00,0.0%,2.28,"6,800",2.3,"13,000",2.38,"12,700","182,600",2.28,1.84,200,,"2,000,000"
CKG,16.05,13.95,15,14.9,"54,300",14.95,"34,900",15,"46,200",15.05,"1,500",0.05,0.3%,15.05,"7,900",15.1,"36,700",15.15,"11,100","1,107,100",15.1,14.6,"16,900","6,600","24,589,176"
CLC,40.1,34.9,37.5,37.6,"4,100",37.8,"1,000",37.9,"1,000",38,300,0.50,1.3%,38.3,"2,800",38.35,"3,900",38.5,"1,100","22,300",38,37,"14,000",,"12,302,749"
CLL,32.65,28.45,30.55,28.65,"1,100",30,200,30.25,400,30.5,500,-0.05,-0.2%,30.5,"2,500",30.55,800,31.2,"1,000","1,400",30.5,30.5,,,"14,160,639"
CLW,31,27,29,,,,,28,400,30.5,500,1.50,5.2%,,,,,,,500,30.5,30.5,,,"5,736,810"
CMBB2010,16.2,12.2,14.2,14.1,"107,600",14.11,"104,200",14.12,"108,200",14.5,"1,000",0.30,2.1%,14.31,300,14.32,400,14.33,200,"66,300",14.5,13.11,,,"2,992,360"
CMBB2101,5.14,3.14,4.14,4.18,"2,000",4.2,"2,600",4.22,"3,400",4.25,500,0.11,2.7%,4.25,"1,700",4.28,"5,000",4.29,"1,000","200,700",4.25,3.99,"2,000",,"4,000,000"
CMG,37.2,32.4,34.8,34.3,"1,100",34.35,200,34.5,"1,000",34.6,200,-0.20,-0.6%,34.8,600,34.9,"1,200",34.95,"1,000","15,700",34.95,34.1,"1,800","1,100","10,891,632"
CMSN2007,5.43,4.07,4.75,4.29,"21,900",4.3,500,4.59,"111,100",4.59,300,-0.16,-3.4%,4.6,"111,100",4.9,100,4.99,"1,000","40,000",4.59,4.21,"3,900",,"242,060"
CMSN2009,5.24,3.88,4.56,3.95,"2,200",3.96,"5,300",3.97,"8,100",3.97,100,-0.59,-12.9%,4.29,"18,500",4.3,"5,000",4.39,"4,900","126,300",4.56,3.89,,,"1,787,620"
CMSN2101,2.94,2.26,2.6,2.55,"1,000",2.59,"1,600",2.6,100,2.6,"1,900",0.00,0.0%,2.61,"2,400",2.62,"6,100",2.68,"39,600","177,900",2.8,2.45,,,"1,996,800"
CMSN2102,3.05,2.37,2.71,2.65,"4,000",2.66,500,2.67,"4,000",2.7,"1,100",-0.01,-0.4%,2.73,"5,400",2.75,"2,300",2.8,"1,600","177,700",2.8,2.45,,,"2,000,000"
CMV,15.55,13.55,14.55,,,,,13.55,"8,800",15.55,100,1.00,6.9%,15.55,"1,400",,,,,"2,700",15.55,13.55,,,"5,905,254"
CMWG2013,30.51,20.49,25.5,24.81,600,25.45,"10,000",26.35,500,26.36,300,0.86,3.4%,26.47,500,26.97,200,27.82,200,"25,400",30.51,24.8,,,"1,000,000"
CMWG2015,5.29,3.31,4.3,4.37,"49,800",4.38,"30,500",4.42,"4,000",4.4,"2,000",0.10,2.3%,4.43,"2,000",4.44,"4,800",4.45,"5,100","659,500",4.44,4.24,,,"4,995,000"
CMWG2016,4.9,2.92,3.91,3.81,100,3.82,"12,100",3.91,"1,100",3.91,"2,000",0.00,0.0%,3.95,"1,300",3.99,"7,100",4,"33,200","226,200",3.99,3.5,,,"5,000,000"
CMWG2101,5.07,3.09,4.08,3.83,"2,500",3.85,300,3.86,200,3.89,"3,000",-0.19,-4.7%,3.89,"2,400",3.9,"11,300",4,"5,000","123,500",4,3.2,,,"4,997,200"
CMWG2102,8.73,4.77,6.75,6.76,"5,100",6.77,"1,000",6.78,500,6.75,300,0.00,0.0%,6.8,"2,000",6.96,"7,400",6.97,400,"34,600",6.98,6.5,"1,000",,"1,500,000"
CMWG2103,4.61,2.63,3.62,3.4,"15,300",3.45,"6,800",3.5,"1,600",3.5,300,-0.12,-3.3%,3.6,"19,600",3.62,"56,600",3.63,"1,000","209,500",3.65,3.1,,,"1,993,200"
CMWG2104,6.49,4.51,5.5,5.21,600,5.25,"1,100",5.3,"5,500",5.49,"2,000",-0.01,-0.2%,5.49,"3,400",5.5,"30,300",5.6,"20,300","128,400",5.7,5.1,,,"1,999,000"
CMX,15.15,13.25,14.2,13.95,"15,900",14,"21,600",14.1,300,14.1,200,-0.10,-0.7%,14.15,"1,400",14.2,"11,400",14.25,400,"184,100",14.3,13.95,"10,600","2,200","8,791,346"
CNG,24.1,21,22.55,21.8,"3,900",21.85,"1,100",21.9,600,22,400,-0.55,-2.4%,22,"5,800",22.15,"1,600",22.2,"1,000","47,900",22.55,21,"4,500","3,900","11,799,339"
CNVL2003,5.26,3.76,4.51,4.4,"1,000",4.41,"3,000",4.44,"88,800",4.43,"2,400",-0.08,-1.8%,4.45,"88,800",4.5,"41,300",4.53,"4,300","1,749,500",4.54,4.38,"1,587,400","149,200","3,356,200"
CNVL2101,3.13,2.19,2.66,2.61,100,2.63,"88,800",2.64,"4,300",2.64,100,-0.02,-0.8%,2.66,"1,100",2.9,300,2.97,"7,000","149,000",2.66,2.59,"52,800","12,400","1,642,300"
COM,47.05,40.95,44,40.95,"4,600",41,100,42,200,,,,,46.9,200,47,100,47.05,200,,,,,,"6,862,488"
CPNJ2101,2.73,1.43,2.08,2.14,700,2.2,"9,000",2.21,"4,800",2.21,"1,000",0.13,6.3%,2.25,"5,000",2.26,100,2.3,"6,100","303,600",2.21,1.91,,,"4,998,000"
CPNJ2102,5.31,2.69,4,3.82,"9,400",4,"1,200",4.01,"3,000",4,100,0.00,0.0%,4.1,"7,100",4.21,"5,000",4.22,"5,000","47,700",4,3.82,,,"1,500,000"
CPNJ2103,4.81,2.19,3.5,3.55,200,3.56,300,3.59,100,3.59,"6,900",0.09,2.6%,3.65,"2,000",3.7,"8,000",3.74,"3,000","126,400",3.6,3.12,,,"2,500,000"
CRC,10.95,9.54,10.25,10.05,600,10.1,"2,400",10.2,"2,200",10.25,600,0.00,0.0%,10.25,"2,200",10.3,"4,100",10.35,400,"235,800",10.3,9.6,"16,600","2,300","7,226,530"
CRE,36.3,31.6,33.95,34.35,"1,400",34.4,"18,000",34.45,"1,100",34.5,"3,100",0.55,1.6%,34.5,"8,000",34.55,"34,300",34.6,"20,300","829,600",34.55,33.6,"18,200","5,300","43,117,983"
CREE2006,3.25,1.5,2.38,2.25,200,2.26,"2,900",2.27,"1,000",2.27,300,-0.11,-4.6%,2.29,"12,900",2.3,500,2.35,"62,500","49,300",2.29,2.06,,,"5,000,000"
CREE2101,3.62,1.87,2.75,2.56,"3,100",2.57,"12,700",2.58,"4,500",2.58,300,-0.17,-6.2%,2.65,"2,200",2.7,100,2.74,"10,000","98,900",2.69,2.51,"3,000",,"3,976,700"
CSBT2007,3.35,1.97,2.66,2.55,"2,200",2.56,"1,700",2.58,"88,800",2.58,"30,000",-0.08,-3.0%,2.59,"66,600",2.6,"23,300",2.66,"34,300","720,300",2.66,2.55,"435,900","238,200","1,819,940"
CSBT2101,2.14,1.6,1.87,1.82,"2,800",1.86,"1,500",1.87,700,1.9,500,0.03,1.6%,1.88,"1,500",1.9,"18,700",1.91,"8,800","143,500",1.9,1.81,,,"2,000,000"
CSM,19.45,16.95,18.2,18,"1,500",18.05,"1,000",18.1,"4,000",18.1,"1,000",-0.10,-0.5%,18.2,"6,900",18.3,"6,000",18.4,"3,000","8,700",18.6,17.6,,,"49,802,480"
CSTB2007,6.1,4.66,5.38,5.31,"1,000",5.33,"10,000",5.35,"1,000",5.6,"1,000",0.22,4.1%,5.7,"2,000",5.78,"10,000",5.79,"5,000","1,010,700",5.85,5.04,"670,500","221,500","2,178,400"
CSTB2010,5.67,4.23,4.95,4.95,"50,000",4.99,"2,100",5,"5,000",5.05,400,0.10,2.0%,5.05,"5,100",5.06,"1,000",5.1,"2,200","216,600",5.05,4.69,"3,000","18,900","3,234,670"
CSTB2014,11.32,8.42,9.87,9.55,"79,800",9.56,"79,400",9.57,"64,900",9.8,"4,500",-0.07,-0.7%,9.8,"14,800",9.84,"6,000",9.91,"88,100","763,400",9.84,9.2,,,"4,999,000"
CSTB2016,4.48,3.04,3.76,3.26,"5,000",3.4,"7,700",3.69,"88,800",3.7,"3,900",-0.06,-1.6%,3.7,"11,100",3.78,"14,000",3.8,"2,000","192,800",3.76,3.4,"114,200","78,300","488,940"
CSTB2101,3.82,2.38,3.1,3.13,300,3.15,"2,500",3.2,800,3.3,100,0.20,6.5%,3.3,"42,100",3.45,"1,600",3.5,"45,300","253,000",3.5,2.99,,,"2,000,000"
CSTB2102,7.6,4.7,6.15,5.8,100,5.9,100,6,"1,100",6,200,-0.15,-2.4%,6.1,"5,000",6.15,"2,500",6.3,"40,000","90,100",6.15,5.2,,,"1,966,000"
CSTB2103,4.44,3,3.72,3.81,"5,000",3.84,"6,000",3.86,"1,200",3.89,900,0.17,4.6%,3.89,"14,700",3.9,"40,500",3.95,"8,800","444,500",3.9,3.5,,,"4,933,400"
CSV,29.4,25.6,27.5,27.1,"5,600",27.2,"15,000",27.3,"12,600",27.4,100,-0.10,-0.4%,27.4,500,27.45,"8,300",27.5,"18,700","131,700",27.5,27,"7,600","2,600","15,607,536"
CTCB2012,21.7,16.2,18.95,18.43,"2,100",18.5,"11,000",18.6,200,18.7,200,-0.25,-1.3%,18.7,100,18.9,700,18.95,"6,900","547,500",18.7,17.96,,"25,000","4,922,200"
CTCB2013,20.61,15.11,17.86,16.81,"186,200",16.82,"182,900",16.83,"204,300",17.02,100,-0.84,-4.7%,17.16,"238,300",17.17,"163,000",17.18,"312,400","161,400",17.02,16.71,,,"4,944,500"
CTCB2101,16.45,10.95,13.7,13.2,"5,400",13.21,100,13.3,"1,000",13.4,100,-0.30,-2.2%,13.4,"1,300",13.5,100,13.75,"5,000","106,700",13.85,12.8,,,"1,990,000"
CTCB2102,6.44,3.7,5.07,4.77,"3,200",4.78,"8,500",4.79,100,4.78,700,-0.29,-5.7%,4.98,100,5,"29,300",5.01,"2,000","269,400",5.05,4.55,,,"4,991,000"
CTCB2103,6.89,4.15,5.52,5.5,"5,000",5.52,"2,600",5.53,"5,000",5.54,"2,000",0.02,0.4%,5.54,"4,500",5.55,400,5.59,100,"253,800",5.54,5.2,,,"4,997,000"
CTCH2001,1.38,0.62,1,1.02,"24,200",1.03,"3,200",1.04,"12,600",1.05,600,0.05,5.0%,1.05,"13,200",1.06,"16,500",1.07,"8,300","273,000",1.07,1.02,,,"8,000,000"
CTCH2003,2.49,1.73,2.11,2.08,"15,700",2.1,"4,100",2.11,"1,700",2.13,"1,400",0.02,0.9%,2.13,100,2.14,700,2.15,"1,500","250,700",2.14,2.06,,,"5,994,000"
CTCH2101,2.79,2.03,2.41,2.37,"5,000",2.4,"1,500",2.41,"6,900",2.45,400,0.04,1.7%,2.45,"16,000",2.46,"15,000",2.47,"15,000","34,600",2.45,2.35,,,"2,000,000"
CTD,71.1,61.9,66.5,66.8,700,66.9,200,67,300,67.3,100,0.80,1.2%,67.2,"1,900",67.3,"18,500",67.4,"4,300","299,400",67.9,66.3,"2,800",,"3,225,539"
CTF,21.45,18.65,20.05,19.4,900,19.45,"1,000",19.5,200,19.55,300,-0.50,-2.5%,19.55,700,19.95,"2,800",20,"8,800","109,700",19.95,19.35,300,"3,600","33,440,232"
CTG,41.85,36.45,39.15,39.8,"161,200",39.85,"7,100",39.9,"11,500",39.9,100,0.75,1.9%,39.95,"13,300",40,"41,100",40.05,"31,200","13,524,200",40.25,39,"1,086,500","360,100","142,663,730"
CTI,16.9,14.7,15.8,15.45,"3,300",15.5,"12,300",15.55,"1,500",15.55,800,-0.25,-1.6%,15.6,"2,600",15.65,"3,000",15.7,"32,100","534,700",15.8,15.3,"25,900",,"30,285,905"
CTS,16.45,14.35,15.4,15.15,"8,500",15.2,"24,800",15.25,"7,100",15.25,"2,900",-0.15,-1.0%,15.3,"14,300",15.35,"8,700",15.4,"25,300","676,300",15.5,14.9,"30,900","38,500","49,054,048"
CVHM2006,1.46,0.74,1.1,0.97,"21,500",0.98,800,0.99,"111,100",0.99,"19,000",-0.11,-10.0%,1,"22,100",1.01,"23,800",1.03,300,"1,214,200",1.01,0.96,"758,900","309,000","7,077,330"
CVHM2008,4.32,2.88,3.6,3.33,"10,300",3.34,"1,200",3.35,"13,700",3.4,"1,000",-0.20,-5.6%,3.4,"3,700",3.42,"3,500",3.45,"6,900","802,400",3.58,3.02,"21,000",,"6,986,950"
CVHM2010,3.72,2.28,3,2.66,100,2.67,"5,000",2.75,"1,700",2.86,"2,000",-0.14,-4.7%,2.86,"6,800",2.87,"6,500",2.9,"3,200","221,500",2.9,2.58,,,"5,000,000"
CVHM2101,3.53,2.63,3.08,2.86,500,2.93,"12,000",2.99,"1,300",2.99,700,-0.09,-2.9%,3,"11,400",3.03,"9,600",3.05,"1,200","271,100",3.03,2.7,,,"2,000,000"
CVHM2102,4.84,3.4,4.12,3.81,"8,000",3.82,"2,000",3.84,"8,100",3.85,500,-0.27,-6.6%,3.85,800,3.9,500,3.95,"1,000","479,300",3.99,3.65,"1,500",,"4,999,500"
CVHM2103,4.32,2.88,3.6,3.2,"9,000",3.33,"32,400",3.35,"1,000",3.35,100,-0.25,-6.9%,3.4,"9,500",3.41,"7,200",3.42,"14,600","198,100",3.5,3,"2,000",,"2,500,000"
CVHM2104,4.52,3.08,3.8,3.52,"9,700",3.54,"15,100",3.55,"2,000",3.52,"2,300",-0.28,-7.4%,3.7,"24,400",3.71,"2,000",3.77,"2,800","564,400",3.85,3.12,,,"5,000,000"
CVIC2004,2.49,1.53,2.01,1.91,"5,000",1.93,"4,000",1.98,"111,100",1.96,"1,600",-0.05,-2.5%,1.99,"111,000",2,"5,100",2.01,"16,500","475,100",2.05,1.92,"143,400","318,800","876,020"
CVIC2005,4.97,3.03,4,3.76,700,3.8,"4,200",3.83,700,3.88,500,-0.12,-3.0%,3.88,500,3.89,"40,600",3.9,"8,000","258,300",4,3.65,,,"5,955,640"
CVIC2101,3.38,2.42,2.9,2.68,"1,600",2.69,200,2.7,"23,100",2.8,500,-0.10,-3.4%,2.8,"2,100",2.85,800,2.9,"16,900","197,000",2.9,2.7,,,"1,999,900"
CVIC2102,5.37,3.43,4.4,4.15,700,4.2,"4,500",4.3,500,4.2,100,-0.20,-4.5%,4.4,100,4.45,"1,000",4.5,"2,100","86,900",4.57,3.8,,,"1,497,000"
CVJC2004,1.25,0.35,0.8,0.68,"3,700",0.69,"88,800",0.7,200,0.7,"11,000",-0.10,-12.5%,0.72,"4,300",0.73,"1,000",0.74,"16,000","194,800",0.77,0.68,"75,600",,"1,943,900"
CVJC2006,2.05,1.15,1.6,1.53,"12,000",1.54,"6,500",1.55,"26,300",1.58,"1,300",-0.02,-1.3%,1.59,"9,300",1.6,"6,700",1.61,"10,900","296,100",1.62,1.54,,,"4,965,910"
CVNM2011,1.86,1.04,1.45,1.37,"10,300",1.38,100,1.4,"21,000",1.42,100,-0.03,-2.1%,1.42,"4,500",1.45,"19,500",1.46,"10,800","241,100",1.46,1.31,,,"9,982,200"
CVNM2101,2.79,2.11,2.45,2.3,"6,500",2.33,600,2.34,200,2.38,"1,000",-0.07,-2.9%,2.38,"1,500",2.4,"1,000",2.44,"3,300","95,600",2.38,2.3,,,"2,000,000"
CVNM2102,3.49,2.13,2.81,2.55,"4,100",2.57,"3,000",2.6,"1,900",2.7,200,-0.11,-3.9%,2.75,"1,000",2.78,900,2.79,100,"161,700",2.81,2.42,,,"3,998,000"
CVNM2103,3.54,2.18,2.86,2.65,"3,500",2.66,100,2.69,100,2.72,"2,000",-0.14,-4.9%,2.82,700,2.83,"5,300",2.84,"10,000","121,200",2.86,2.55,,,"2,982,000"
CVPB2011,14.46,11.06,12.76,12.9,"465,800",12.93,"495,600",12.96,"421,400",12.87,500,0.11,0.9%,13.12,"54,300",14,"2,400",14.46,100,500,12.87,12.87,,,"5,000,000"
CVPB2015,29,22.2,25.6,24.47,"200,000",24.48,"200,000",24.49,"200,000",25.01,"100,000",-0.59,-2.3%,24.77,"250,000",24.79,"250,000",24.8,"210,000","277,500",25.01,23.58,,,"2,497,000"
CVPB2016,26.15,19.35,22.75,22.87,"135,400",22.88,"124,300",22.89,"127,600",22.65,"1,000",-0.10,-0.4%,23.18,"100,000",23.19,"100,000",23.2,"100,000","1,000",22.65,22.65,,,"2,196,780"
CVPB2101,9.3,5.9,7.6,7.45,"5,000",7.5,"3,900",7.6,"1,000",7.8,100,0.20,2.6%,7.8,"12,900",7.9,"2,000",8,"1,000","90,200",7.8,6.94,,,"2,994,300"
CVPB2102,9.1,5.7,7.4,7.4,"2,000",7.45,"5,000",7.8,100,7.8,"1,500",0.40,5.4%,8,"1,200",8.1,"5,000",,,"91,800",7.8,7,,,"2,000,000"
CVPB2103,9.7,6.3,8,7.8,300,7.88,"2,900",7.89,800,8,200,0.00,0.0%,8,"1,700",8.08,"10,000",8.09,"10,000","37,500",8,7.01,,,"5,000,000"
CVRE2009,1.65,0.75,1.2,1.17,"1,000",1.18,"12,800",1.19,"3,400",1.2,500,0.00,0.0%,1.22,"1,700",1.25,"16,600",1.27,"15,600","240,800",1.29,1.11,,,"7,499,950"
CVRE2011,2.17,1.05,1.61,1.59,"21,000",1.6,"10,000",1.61,"2,000",1.59,"2,500",-0.02,-1.2%,1.63,"2,200",1.65,"57,900",1.66,"5,000","137,500",1.61,1.51,,,"5,499,990"
CVRE2013,10.96,6.46,8.71,8.4,"8,300",8.45,"1,200",8.46,"1,000",8.46,"1,000",-0.25,-2.9%,8.54,"3,400",8.55,"8,100",8.6,500,"269,100",8.7,8.29,,,"3,345,200"
CVRE2014,8.42,3.92,6.17,5.34,"3,000",5.35,"10,000",5.38,"1,200",5.37,"2,000",-0.80,-13.0%,5.43,"97,900",5.44,"43,500",5.45,"49,600","592,000",6.17,5.18,,,"4,200,000"
CVRE2101,3.08,1.96,2.52,2.38,"3,000",2.4,"3,200",2.42,"10,000",2.47,100,-0.05,-2.0%,2.48,"1,000",2.49,"7,700",2.5,"4,100","135,400",2.53,2.34,,,"2,000,000"
CVRE2102,3.02,1.9,2.46,2.29,"5,700",2.3,"25,600",2.31,"2,000",2.34,"1,000",-0.12,-4.9%,2.34,600,2.38,"1,000",2.39,500,"312,700",2.35,2.21,,,"4,997,000"
CVRE2103,3.11,1.99,2.55,2.4,"4,900",2.45,"8,400",2.48,800,2.48,800,-0.07,-2.7%,2.49,"3,000",2.5,"20,000",2.54,"13,800","263,700",2.5,2.3,,,"4,920,000"
CVT,46.5,40.5,43.5,,,,,42,"1,400",,,,,43,300,43.4,"1,700",43.5,"7,400",,,,,,"36,269,180"
D2D,55.6,48.4,52,51.8,"9,100",51.9,"3,900",52,"1,800",52,100,0.00,0.0%,52.2,"5,300",52.3,"4,100",52.4,"1,400","148,500",52.5,51.8,"4,800",400,"14,002,009"
DAG,6.52,5.68,6.1,6.41,600,6.43,"17,100",6.44,"6,900",6.45,"1,000",0.35,5.7%,6.45,"10,200",6.46,200,6.47,"1,300","567,500",6.45,6.1,"33,000","17,800","20,670,561"
DAH,8.31,7.23,7.77,7.82,200,7.85,"7,800",7.87,"1,400",7.88,"5,000",0.11,1.4%,7.88,"6,900",7.95,"2,000",8,"14,200","448,200",8.18,7.35,"20,500",,"16,481,560"
DAT,28.2,24.6,26.4,,,25.1,100,26.1,200,,,,,27,"1,000",27.9,700,28,800,,,,,,"22,542,167"
DBC,60.1,52.3,56.2,55.5,"30,600",55.6,"57,500",55.7,"3,300",55.8,600,-0.40,-0.7%,55.8,"6,600",55.9,"21,200",56,"61,300","1,195,000",56.8,55.1,"22,200","191,200","47,741,808"
DBD,49.2,42.8,46,45.1,"1,500",45.2,"6,200",45.5,500,45.9,300,-0.10,-0.2%,46,"11,400",46.2,200,46.3,"2,200","25,500",46,45.8,,600,"52,330,570"
DBT,13,11.3,12.15,11.35,"2,000",12,100,12.1,600,12.1,100,-0.05,-0.4%,12.15,100,12.3,"3,000",12.4,100,900,12.15,12.1,,,
DC4,17.65,15.35,16.5,16,300,16.2,"5,100",16.3,"4,300",16.5,100,0.00,0.0%,16.5,"2,700",16.7,"1,600",16.75,100,"2,900",16.75,16,,,"15,646,206"
DCL,30.2,26.3,28.25,28.2,"9,900",28.35,100,28.4,400,28.35,800,0.10,0.4%,28.55,500,28.6,300,28.8,"3,000","103,400",28.5,28.05,200,300,"17,124,147"
DCM,16.95,14.75,15.85,15.5,"20,200",15.55,"1,900",15.6,"17,200",15.6,"1,000",-0.25,-1.6%,15.65,"3,400",15.7,"24,300",15.75,"26,200","2,135,900",15.85,15,"93,100","124,900","240,542,143"
DGC,72.7,63.3,68,67.3,"5,600",67.4,"2,600",67.5,"2,100",67.5,200,-0.50,-0.7%,67.6,"2,700",67.7,"2,000",67.8,500,"420,300",68,67,"48,200","20,100","68,617,119"
DGW,124.1,107.9,116,113,200,113.3,"1,600",113.4,400,113.5,500,-2.50,-2.2%,113.5,"3,500",113.6,"12,300",113.7,"3,100","348,600",116.5,111.9,"6,000","121,100","9,267,932"
DHA,51.3,44.65,48,47,"1,800",47.1,100,47.3,700,47.5,100,-0.50,-1.0%,48,100,48.7,"1,500",48.8,"1,200","21,700",48.7,47,,,"5,499,521"
DHC,96.9,84.3,90.6,90.5,"11,000",90.6,"1,200",90.7,100,91.5,200,0.90,1.0%,91.4,"1,000",91.5,"11,400",91.6,"11,900","110,500",91.9,89,"6,400","3,200","10,605,759"
DHG,106.8,93,99.9,99,"1,600",99.1,800,99.3,800,99.8,200,-0.10,-0.1%,99.8,"1,200",99.9,"3,400",100,"5,700","12,600",100,99,,"9,800","59,355,101"
DHM,11.15,9.72,10.45,10.2,"9,400",10.25,"6,000",10.3,500,10.3,"4,500",-0.15,-1.4%,10.4,"6,000",10.45,"7,500",10.5,"3,600","1,939,600",10.5,10.3,,,"14,880,529"
DIG,29.25,25.45,27.35,26.9,"6,700",26.95,"35,400",27,"1,600",27,300,-0.35,-1.3%,27.05,"12,900",27.1,"39,200",27.15,"1,100","2,448,200",27.2,26.5,"4,700","4,100","165,591,959"
DLG,3.44,3,3.22,,,,,,,3,"1,000",-0.22,-6.8%,3,"18,945,700",3.01,"21,600",3.02,500,"5,775,200",3,3,"1,000",,"137,989,883"
DMC,55.1,47.9,51.5,50.2,"10,100",50.3,"1,600",50.5,200,50.5,100,-1.00,-1.9%,50.8,"2,100",50.9,100,51,600,"18,500",51.2,50,"1,300","3,300","14,648,780"
DPG,39.35,34.25,36.8,36.4,"1,100",36.5,"2,600",36.6,"1,800",36.6,500,-0.20,-0.5%,36.75,"1,000",36.8,"58,200",36.85,600,"413,300",36.85,36.2,"8,700",,"21,844,223"
DPM,20,17.4,18.7,18.35,"35,000",18.4,"5,500",18.5,"16,800",18.55,100,-0.15,-0.8%,18.55,"3,600",18.6,"12,100",18.65,"17,700","1,361,500",18.8,17.4,"120,300","22,000","135,297,799"
DPR,50.6,44,47.3,46.85,"1,300",46.9,200,47,100,47,100,-0.30,-0.6%,47.7,100,47.75,100,47.85,400,"50,400",47.3,47,300,"4,600","16,148,070"
DQC,24.7,21.5,23.1,22.6,"3,200",22.65,900,22.7,200,23,100,-0.10,-0.4%,23,100,23.05,"2,000",23.1,"1,500","20,500",23.1,22.65,200,600,"16,469,792"
DRC,28.2,24.6,26.4,26,"14,100",26.1,"10,200",26.2,200,26.15,600,-0.25,-0.9%,26.25,"1,500",26.3,"14,000",26.35,"11,300","838,000",26.4,25.6,"21,000","15,800","46,909,317"
DRH,11.55,10.05,10.8,10.4,"4,400",10.45,"5,000",10.5,"11,800",10.6,300,-0.20,-1.9%,10.6,"13,700",10.7,"49,700",10.75,"6,300","790,600",10.8,10.15,"49,300","3,600","28,414,273"
DRL,62.5,54.5,58.5,55.1,100,57.1,300,57.3,100,58,700,-0.50,-0.9%,57.9,200,58,300,58.5,800,"1,800",58.5,58,,,"4,554,030"
DSN,48.65,42.35,45.5,45.2,600,45.5,"2,000",45.8,100,45.9,100,0.40,0.9%,46.2,900,46.3,200,46.5,300,"4,100",46,45.2,,"3,000","3,480,441"
DTA,11.75,10.25,11,10.7,"4,000",10.8,200,10.9,800,10.9,"2,000",-0.10,-0.9%,10.95,"2,200",11,"4,500",11.35,"5,000","48,300",10.9,10.5,,200,"8,831,151"
DTL,14.85,12.95,13.9,,,12.95,"1,000",14.85,"2,800",,,,,,,,,,,,,,,,"30,101,724"
DTT,13.9,12.1,13,,,,,12.1,100,,,,,,,,,,,,,,,,"3,979,994"
DVP,49.2,42.8,46,45.6,800,45.7,200,45.8,200,46,100,0.00,0.0%,46,"1,900",46.15,200,46.25,500,"6,500",46,45.6,100,700,"14,326,490"
DXG,25.65,22.35,24,23.35,700,23.4,"36,400",23.45,"23,300",23.5,"4,000",-0.50,-2.1%,23.5,"12,900",23.55,"6,000",23.6,"21,100","7,710,800",23.8,22.9,"635,500","296,200","80,112,812"
DXV,5.17,4.51,4.84,,,4.51,"1,600",4.52,"8,500",4.54,100,-0.30,-6.2%,4.54,"5,600",4.79,"5,000",4.8,"3,000","11,700",4.55,4.52,,,"4,804,250"
E1VFVN30,23.2,20.18,21.69,21.4,200,21.41,500,21.42,300,21.46,100,-0.23,-1.1%,21.46,"200,200",21.47,"200,700",21.48,"204,100","602,300",22,21.16,"444,800","1,373,100","7,078,260"
EIB,27.05,23.55,25.3,25,"23,900",25.1,200,25.2,"33,200",25.3,100,0.00,0.0%,25.3,"18,400",25.5,"11,900",25.6,"20,000","608,000",25.5,24.65,"55,600",,"2,185,042"
ELC,12,10.5,11.25,11.4,"8,600",11.45,"22,900",11.5,"12,400",11.55,"2,100",0.30,2.7%,11.55,"23,100",11.6,"1,000",11.7,"19,200","334,100",11.75,11.05,"21,000","9,200","18,617,259"
EMC,22.7,19.8,21.25,,,,,,,19.8,100,-1.45,-6.8%,19.8,400,21.25,800,,,200,19.8,19.8,,,"7,490,173"
EVE,16.65,14.55,15.6,14.95,100,15,"5,600",15.3,500,15.5,400,-0.10,-0.6%,15.45,500,15.5,"2,000",15.6,"2,100","17,200",15.6,15,"2,500",,"13,997,112"
EVG,13.7,12,12.85,12.85,"11,200",12.9,"7,500",12.95,"8,200",13,600,0.15,1.2%,13,"26,500",13.05,"15,600",13.1,"13,700","447,200",13,12.55,"8,300","7,600","50,746,270"
FCM,7.38,6.42,6.9,6.81,"2,000",6.82,"3,000",6.83,"3,000",6.9,"1,000",0.00,0.0%,7,"5,700",7.14,"1,100",7.35,"1,200","16,300",7,6.7,100,,"19,239,585"
FCN,13,11.3,12.15,12.25,"1,200",12.3,"16,000",12.35,"24,500",12.4,"4,000",0.25,2.1%,12.4,"19,800",12.45,"25,000",12.5,"50,700","1,020,300",12.4,11.9,"70,100","9,400","48,287,373"
FDC,13.35,11.65,12.5,11.7,200,11.8,"3,500",12.2,400,12.2,100,-0.30,-2.4%,13,"2,000",13.1,200,13.2,"2,200","7,100",12.4,12.2,,,"18,914,530"
FIR,27.05,23.55,25.3,25.4,"17,900",25.45,"11,000",25.5,"10,200",25.6,100,0.30,1.2%,25.6,"2,900",25.7,"2,200",25.8,"4,100","142,500",25.6,25.35,"4,300",,"13,112,275"
FIT,10.85,9.44,10.15,10.25,"9,800",10.3,"14,700",10.35,"21,900",10.4,"1,000",0.25,2.5%,10.4,"48,100",10.45,"57,200",10.5,"69,200","1,358,700",10.55,10,"30,500",,"120,587,382"
FLC,13,11.3,12.15,12.25,"30,300",12.3,"252,700",12.35,"31,100",12.4,"6,000",0.25,2.1%,12.4,"289,800",12.45,"134,700",12.5,"1,042,300","11,440,300",12.4,11.8,"647,200","54,500","332,947,922"
FMC,34.2,29.8,32,31.3,100,31.35,"1,100",31.4,"1,300",31.45,400,-0.55,-1.7%,31.45,400,31.6,100,31.7,"2,200","101,100",32,31,"6,200",600,"24,435,971"
FPT,85.6,74.4,80,80.3,"5,100",80.4,"12,000",80.5,"16,500",80.5,100,0.50,0.6%,80.7,"1,600",80.8,"6,200",80.9,"4,000","1,939,700",81.4,79.7,,"5,500",
FRT,29.95,26.05,28,27.55,"11,500",27.6,"10,100",27.7,"5,000",27.8,100,-0.20,-0.7%,27.8,"8,800",27.85,"5,000",27.9,"9,500","742,800",28,27,"7,800","3,900","29,218,510"
FTM,3.84,3.34,3.59,,,,,,,3.34,"2,000",-0.25,-7.0%,3.34,"3,787,600",3.35,"4,400",3.4,"7,000","52,600",3.34,3.34,,,"24,362,970"
FTS,18.7,16.3,17.5,17.4,"15,300",17.45,"16,000",17.5,"38,100",17.55,300,0.05,0.3%,17.55,"104,600",17.6,"31,600",17.65,"12,400","345,800",17.55,17.3,"2,400","17,100","103,370,096"
FUCTVGF1,14.2,12.4,13.3,,,,,,,,,,,,,,,,,,,,,,"7,347,010"
FUCTVGF2,15.15,13.25,14.2,,,,,,,,,,,15.15,900,,,,,,,,,,"8,085,378"
FUCVREIT,25.65,22.35,24,,,25,400,25.65,"14,600",25.65,600,1.65,6.9%,,,,,,,"5,700",25.65,25.65,,600,"2,424,410"
FUEMAV30,16.03,13.95,14.99,14.74,"10,000",14.81,"1,000",14.89,"50,000",14.99,200,0.00,0.0%,14.99,100,15.06,"100,000",15.25,"1,000",400,14.99,14.9,,200,"1,744,620"
FUESSV30,17.07,14.85,15.96,15.84,"21,600",15.86,"19,300",15.88,"18,400",15.98,100,0.02,0.1%,15.97,"16,600",15.99,"20,400",16.01,"19,200","3,800",16,15.8,700,,"3,495,980"
FUESSV50,20.65,17.95,19.3,18.5,"11,100",18.6,"30,000",18.65,300,18.7,200,-0.60,-3.1%,18.7,"6,800",19.1,"10,000",19.2,"12,000","62,000",19,18.7,"5,400",,"4,113,450"
FUESSVFL,17.92,15.58,16.75,16.69,"20,200",16.7,500,16.71,"22,500",16.75,"1,000",0.00,0.0%,16.97,100,17.09,100,17.43,900,"115,600",16.92,16.37,"37,800","30,300","1,501,700"
FUEVFVND,22.18,19.28,20.73,20.8,"21,000",20.81,"25,700",20.85,"2,700",20.9,700,0.17,0.8%,20.9,"14,800",20.95,100,20.99,100,"1,057,500",21,20.5,"984,500","177,900","3,456,859"
FUEVN100,18.04,15.68,16.86,16.29,"9,500",16.3,300,16.31,200,16.38,"1,300",-0.48,-2.8%,16.38,"8,700",16.41,100,16.45,100,"33,400",16.81,16.28,"30,500","32,900","1,851,870"
GAB,204.6,178,191.3,190.9,"1,500",191,"2,300",191.1,"1,100",191.2,800,-0.10,-0.1%,191.3,100,191.6,400,191.7,200,900,191.3,191.2,,800,"6,669,580"
GAS,91.8,79.8,85.8,84.5,"4,800",84.6,"1,500",84.7,"3,000",84.8,"1,400",-1.00,-1.2%,85,"5,200",85.2,"4,600",85.3,"3,400","649,900",85.7,84,"65,400","3,500","888,526,332"
GDT,53.5,46.5,50,49.4,"5,600",49.5,"5,000",49.9,800,50,100,0.00,0.0%,50,"9,200",50.1,100,50.3,400,"56,500",50.2,49.4,"1,400","2,000","5,953,740"
GEG,18.85,16.45,17.65,17.65,"5,200",17.7,"3,400",17.8,"1,200",17.9,100,0.25,1.4%,17.9,"3,000",17.95,"6,100",18,"18,700","326,400",18,17.4,"45,900","4,400","29,905,841"
GEX,26.85,23.35,25.1,26,"188,100",26.1,"8,800",26.15,"25,400",26.15,"1,600",1.05,4.2%,26.2,"12,700",26.25,"6,600",26.3,"103,200","3,976,300",26.45,24.8,"579,300","39,400","175,655,447"
GIL,76,66.2,71.1,70.2,"13,100",70.3,"11,500",70.6,"1,000",70.9,200,-0.20,-0.3%,70.9,"3,900",71.1,"3,500",71.2,"5,200","181,600",71,69.4,"24,400","5,500","15,296,799"
GMC,30.8,26.8,28.8,26.85,200,27,700,27.5,"1,500",27.5,100,-1.30,-4.5%,28,"1,800",29.9,"1,000",30,"4,100","1,100",28.8,27.5,,,"12,174,025"
GMD,34.2,29.8,32,32.5,"2,000",32.55,"12,300",32.6,"18,200",32.65,"1,000",0.65,2.0%,32.65,"16,200",32.7,"18,800",32.75,"21,500","1,311,300",32.75,31.7,"270,300","1,800","32,587,887"
GSP,14.9,13,13.95,13.55,"1,000",13.6,"3,400",13.7,"12,100",13.7,100,-0.25,-1.8%,13.8,"8,100",13.9,"14,200",13.95,"22,400","31,200",13.95,13.7,,"8,600","14,898,340"
GTA,17.1,14.9,16,15.35,200,15.4,100,15.45,100,16.15,100,0.15,0.9%,16.15,600,16.2,"4,100",16.3,"7,100",200,16.15,15.35,,,"5,046,305"
GTN,21.15,18.45,19.8,19.6,"32,600",19.65,"16,500",19.7,"1,800",19.8,"3,000",0.00,0.0%,19.8,"6,600",19.9,"18,500",19.95,"2,100","537,000",20.1,19.5,"4,400",,"249,452,531"
GVR,25.05,21.85,23.45,23.45,"7,000",23.5,"17,100",23.55,"10,100",23.6,"2,400",0.15,0.6%,23.6,"19,000",23.65,"10,000",23.7,"12,000","2,723,600",23.6,22.8,"156,700","8,100","498,472,340"
HAG,5.78,5.04,5.41,,,,,,,5.04,100,-0.37,-6.8%,5.04,"17,314,200",5.05,"86,000",5.06,"41,100","9,433,200",5.04,5.04,"3,300",,"384,794,300"
HAH,24.65,21.45,23.05,23,"34,900",23.05,"4,500",23.1,"3,400",23.15,100,0.10,0.4%,23.15,"1,900",23.2,"3,000",23.25,"4,000","652,200",23.65,22.7,"55,000","83,400","17,762,485"
HAI,6.09,5.31,5.7,5.77,"60,700",5.78,"20,800",5.79,"22,700",5.83,"3,000",0.13,2.3%,5.8,"12,000",5.82,"2,000",5.83,"46,800","3,338,300",5.9,5.52,"155,300","15,600","87,727,004"
HAP,13.6,11.9,12.75,12.55,100,12.6,"10,100",12.65,"8,600",12.75,"1,800",0.00,0.0%,12.75,"5,700",12.8,"37,500",12.85,"36,900","553,800",12.8,12,"58,900",,"25,087,189"
HAR,6.31,5.49,5.9,5.72,"3,000",5.75,"5,600",5.77,100,5.79,500,-0.11,-1.9%,5.79,"4,500",5.8,"10,500",5.81,"50,000","535,500",5.9,5.6,"35,700","16,200","49,041,996"
HAS,18.5,16.1,17.3,,,,,,,16.1,"2,000",-1.20,-6.9%,17.25,200,17.3,600,18,"6,900","3,400",16.5,16.1,,,"2,538,236"
HAX,26.3,22.9,24.6,24.35,"6,000",24.4,"1,100",24.45,100,24.55,400,-0.05,-0.2%,24.5,"3,000",24.55,"5,500",24.6,"15,400","353,500",24.55,23.7,"29,800","7,900","13,145,394"
HBC,17.2,15,16.1,16.1,"91,000",16.15,"19,500",16.2,"35,000",16.25,"1,000",0.15,0.9%,16.25,"53,500",16.3,"105,300",16.35,"196,300","3,014,900",16.4,16,"16,000","33,000","79,065,901"
HCD,5.9,5.14,5.52,5.35,"2,100",5.36,"5,100",5.39,500,5.4,100,-0.12,-2.2%,5.4,100,5.41,"7,500",5.44,500,"235,500",5.54,5.24,200,300,"13,067,460"
HCM,32.1,27.9,30,30.85,"15,600",30.9,"11,900",30.95,"38,000",31,"15,200",1.00,3.3%,31,"67,100",31.05,"54,200",31.1,"2,100","3,606,300",31,29.6,"1,108,700","175,000","161,074,773"
HDB,28.1,24.5,26.3,26.3,"106,300",26.35,"11,600",26.4,200,26.4,200,0.10,0.4%,26.45,"22,100",26.5,"34,300",26.6,"13,000","3,219,700",26.45,26,"1,036,300","816,800","70,362,483"
HDC,43.85,38.15,41,40.65,"1,100",40.7,400,40.75,"1,700",40.8,300,-0.20,-0.5%,40.8,"1,000",40.9,500,41,"5,800","291,900",41.4,40.1,"2,600","6,800","28,955,917"
HDG,39.95,34.75,37.35,37.6,"8,000",37.7,"6,600",37.75,200,37.75,300,0.40,1.1%,37.8,"1,300",37.85,"10,400",37.9,"3,600","734,500",38,37,"41,200","76,000","59,164,510"
HHP,14.55,12.65,13.6,13.4,"1,900",13.45,"1,800",13.5,"5,900",13.6,100,0.00,0.0%,13.65,"1,600",13.7,"3,000",13.75,"5,100","206,500",13.75,13.5,,100,"8,470,430"
HHS,7.27,6.33,6.8,6.92,"1,000",6.93,"1,600",6.94,"1,600",6.94,500,0.14,2.1%,6.95,"59,200",6.96,"12,000",6.97,100,"2,371,100",7.14,6.67,"189,400","46,500","127,964,897"
HID,5.09,4.43,4.76,4.57,300,4.6,"4,500",4.63,"9,300",4.63,500,-0.13,-2.7%,4.65,"32,000",4.67,400,4.7,"39,400","371,300",4.76,4.5,,,"28,340,589"
HII,23.5,20.5,22,22.55,"10,300",22.6,"4,000",22.65,"2,500",22.7,400,0.70,3.2%,22.7,"3,300",22.75,"13,400",22.8,"5,100","412,200",23,21.9,"10,300",,"15,306,138"
HMC,24.5,21.3,22.9,22.65,"9,800",22.7,"6,000",22.8,"3,400",22.9,"1,500",0.00,0.0%,22.9,"3,500",23,"14,900",23.2,"8,600","192,800",23,22.5,"3,900",,"10,068,520"
HNG,12.05,10.55,11.3,11.5,"133,100",11.55,"108,700",11.6,"149,100",11.65,"1,000",0.35,3.1%,11.65,"4,200",11.7,"126,900",11.75,"137,700","7,601,100",11.75,11.15,"113,100",,"540,307,878"
HOT,37.8,32.9,35.35,,,32.9,"4,100",33,300,32.9,100,-2.45,-6.9%,37.8,"1,200",,,,,200,35.35,32.9,,,"3,918,780"
HPG,58.8,51.2,55,55.3,"148,200",55.4,"184,700",55.5,"13,900",55.6,"1,300",0.60,1.1%,55.6,400,55.7,"7,000",55.8,"47,000","21,899,300",56,54.8,"1,559,900","1,994,300","616,445,509"
HPX,34.9,30.4,32.65,32.7,"13,200",32.75,"16,900",32.8,"3,300",32.8,"8,700",0.15,0.5%,32.85,"10,900",32.9,"9,300",32.95,"15,000","916,300",32.85,32.65,"3,100",,"92,795,316"
HQC,4.53,3.95,4.24,4.27,100,4.28,"12,600",4.3,"67,700",4.3,"2,000",0.06,1.4%,4.32,"69,400",4.34,"123,500",4.35,"670,400","13,303,400",4.36,4,"919,400","120,500","228,557,749"
HRC,73.2,63.8,68.5,,,,,,,,,,,73,"1,800",,,,,,,,,,"14,602,111"
HSG,31.4,27.3,29.35,29.55,"48,700",29.6,"50,600",29.65,"24,200",29.7,"7,600",0.35,1.2%,29.7,"42,100",29.75,"74,700",29.8,"154,300","6,764,700",29.9,29.1,"227,300","22,200","183,955,149"
HSL,7.59,6.61,7.1,6.8,500,6.9,"1,100",7,"11,400",7.1,100,0.00,0.0%,7.1,100,7.13,"3,000",7.14,"25,300","107,800",7.35,6.7,,,"15,594,619"
HT1,17.2,15,16.1,16.5,"33,500",16.55,300,16.6,"5,500",16.7,100,0.60,3.7%,16.7,"1,600",16.75,"2,300",16.8,"30,000","797,700",16.7,15.85,"37,000","6,600","175,031,171"
HTI,17.8,15.5,16.65,16.4,600,16.45,"1,200",16.5,"12,400",16.6,200,-0.05,-0.3%,16.6,200,16.8,"4,200",16.85,"2,000","19,400",16.65,16.5,,,"8,426,778"
HTL,20.5,17.9,19.2,17.95,"3,000",18,"4,500",18.2,200,19,300,-0.20,-1.0%,19.05,700,19.2,"4,700",19.3,100,500,19,19,,,"503,451"
HTN,46.5,40.5,43.5,42.65,"2,000",42.7,"1,100",43.1,300,43.5,100,0.00,0.0%,43.5,"2,900",43.9,"1,300",44,"8,700","134,000",43.5,42.3,,"2,300","24,068,566"
HTV,16.4,14.3,15.35,14.5,"1,300",14.7,"1,300",14.8,"1,700",15,500,-0.35,-2.3%,15,200,15.55,100,15.6,900,"1,600",15,14.7,,,"4,464,867"
HU1,10.25,8.93,9.6,,,9.5,500,9.6,"1,000",9.8,100,0.20,2.1%,9.8,500,9.88,"1,000",9.89,500,200,9.98,9.8,,,"4,530,370"
HU3,8.56,7.44,8,7.5,500,7.6,"1,100",8,300,8,500,0.00,0.0%,8.3,500,8.5,"5,800",8.56,"6,900","1,000",8,8,,,"4,432,233"
HUB,25.65,22.35,24,22.4,400,23,600,23.5,200,23.9,200,-0.10,-0.4%,23.9,900,24,"3,000",24.9,"1,100",200,23.9,23.9,,,"8,489,734"
HVH,11.25,9.82,10.55,10.1,100,10.15,"1,000",10.2,700,10.25,300,-0.30,-2.8%,10.3,"4,700",10.35,"5,500",10.4,"8,400","453,800",10.5,9.9,"12,400","6,300","17,794,112"
HVN,32.3,28.1,30.2,29.75,"8,800",29.8,"18,900",29.9,"2,300",29.9,600,-0.30,-1.0%,29.95,"15,300",30,"41,000",30.1,"1,000","649,800",30,29.6,"25,200","12,800","294,674,146"
HVX,6.14,5.34,5.74,,,,,,,5.34,100,-0.40,-7.0%,5.34,"29,200",5.5,800,5.74,"5,700","4,400",5.5,5.34,,,"19,236,601"
IBC,25.85,22.55,24.2,24.05,"1,600",24.1,"1,300",24.15,"1,800",24.2,500,0.00,0.0%,24.2,700,24.3,"1,600",24.4,"1,300","56,100",24.2,24,,"1,900","24,708,240"
ICT,21.2,18.5,19.85,19.75,"4,800",19.8,"5,100",19.85,"1,600",19.9,300,0.05,0.3%,20,"4,800",20.05,"6,400",20.1,"3,100","65,000",20.05,19.5,"1,800",800,"32,029,340"
IDI,7.15,6.23,6.69,6.64,700,6.65,"1,200",6.66,"5,400",6.67,"5,300",-0.02,-0.3%,6.67,"5,300",6.7,"25,800",6.71,"2,400","1,267,500",6.75,6.51,"71,800","65,900","109,811,270"
IJC,27.25,23.75,25.5,25.4,"4,900",25.45,"2,500",25.5,"1,800",25.55,100,0.05,0.2%,25.55,"22,700",25.6,"24,800",25.65,"7,300","959,700",25.55,24.8,"18,600",600,"104,618,477"
ILB,27.05,23.55,25.3,24.65,"5,500",24.7,"9,100",24.8,"2,400",25,500,-0.30,-1.2%,25.1,"5,000",25.2,"1,700",25.25,100,"82,800",25.3,24.8,,,
IMP,75.9,66.1,71,70,"6,000",70.5,"1,200",70.6,"2,300",71,700,0.00,0.0%,71,"25,900",71.5,200,71.8,100,"30,000",72,71,,,18
ITA,8.05,7.01,7.53,7.62,"102,300",7.63,"21,800",7.64,"25,200",7.65,"5,000",0.12,1.6%,7.65,"13,600",7.66,"124,900",7.67,"103,300","14,931,700",7.68,7.25,"881,500",,"398,275,050"
ITC,16.55,14.45,15.5,15.4,"1,100",15.5,"13,100",15.6,"2,300",15.7,200,0.20,1.3%,15.7,"1,200",15.9,"1,800",16,"6,000","43,600",15.7,15.1,,,"38,697,983"
ITD,13.45,11.75,12.6,12.3,"1,500",12.4,"1,800",12.6,"4,700",12.6,800,0.00,0.0%,12.7,"1,000",12.8,"7,300",13,"3,500","59,100",12.6,12.1,100,,"9,156,045"
JVC,5.03,4.39,4.71,4.79,"7,000",4.8,"36,600",4.81,"5,500",4.81,100,0.10,2.1%,4.84,"10,000",4.85,"6,600",4.86,"2,700","618,000",4.89,4.7,"27,600","1,900","40,275,818"
KBC,37.1,32.3,34.7,36.35,"2,000",36.5,"2,400",36.6,600,36.75,500,2.05,5.9%,36.7,500,36.75,"6,800",36.8,"60,700","4,294,400",36.8,33.8,"1,326,200","64,900","128,647,033"
KDC,54.9,47.85,51.4,49.95,100,50,"1,900",50.3,800,50.8,200,-0.60,-1.2%,50.8,"25,000",50.9,"21,700",51,"23,800","837,200",51.4,49,"4,000","4,600","208,118,823"
KDH,35.3,30.7,33,34.1,"4,700",34.2,"7,200",34.25,"1,700",34.25,500,1.25,3.8%,34.3,"12,600",34.35,"39,600",34.4,"64,100","3,598,700",34.45,32.4,"904,900","11,600","94,473,997"
KHP,7.36,6.4,6.88,6.79,"6,500",6.8,"11,600",6.82,"11,500",6.85,100,-0.03,-0.4%,6.85,"3,100",6.88,"6,200",6.89,200,"68,400",6.87,6.78,"4,000","17,000","23,407,298"
KMR,4.17,3.63,3.9,3.71,300,3.72,"2,000",3.76,800,3.78,300,-0.12,-3.1%,3.79,"1,300",3.8,"7,600",3.81,"2,000","203,500",3.89,3.65,,,"21,140,580"
KOS,27.6,24,25.8,25.65,"2,500",25.7,"13,200",25.75,200,25.75,"3,300",-0.05,-0.2%,25.8,"4,500",26,900,26.2,"2,000","339,800",25.8,25.55,,"6,000","80,323,251"
KPF,13.05,11.35,12.2,11.4,"6,400",11.65,100,11.8,200,12.15,"1,100",-0.05,-0.4%,12.2,"8,000",12.25,200,12.9,"9,000","8,900",12.2,11.5,,,"8,822,963"
KSB,29.3,25.5,27.4,26.95,"5,700",27,"6,800",27.05,"5,500",27.05,700,-0.35,-1.3%,27.1,200,27.15,"3,200",27.2,"1,000","1,266,400",27.8,26.25,"41,000","195,000","30,160,406"
L10,18.75,16.35,17.55,,,,,,,,,,,18,300,18.5,"2,600",18.75,100,,,,,,"4,754,613"
LBM,63.9,55.7,59.8,,,,,55.7,500,57.9,100,-1.90,-3.2%,58,400,58.3,"1,000",58.5,"4,900",400,58.5,55.7,100,,"3,944,701"
LCG,13.8,12,12.9,12.8,"85,200",12.85,"29,800",12.9,"37,000",12.9,"1,000",0.00,0.0%,12.95,"24,700",13,"97,800",13.05,"15,800","1,850,200",13.2,12.6,"98,500",,"54,680,002"
LCM,2.97,2.59,2.78,,,,,,,2.59,"5,000",-0.19,-6.8%,2.59,"1,404,500",2.6,900,2.65,"4,500","16,800",2.59,2.59,,,"9,870,760"
LDG,8.34,7.26,7.8,7.81,"1,200",7.82,"6,100",7.83,"17,200",7.84,"1,000",0.04,0.5%,7.84,"2,500",7.85,"46,400",7.86,"50,200","5,671,000",7.86,7.61,"328,700","30,000","114,961,998"
LEC,14.4,12.6,13.5,12.7,"1,000",12.75,400,12.8,"1,000",13.9,100,0.40,3.0%,13.9,900,13.95,300,14.1,"1,200","4,400",13.95,13.5,,,"12,787,938"
LGC,66,57.4,61.7,,,,,57.4,100,,,,,59.4,500,59.5,300,61,100,,,,,,"7,736,135"
LGL,6.95,6.05,6.5,6.32,"3,000",6.35,"4,900",6.37,"1,600",6.37,100,-0.13,-2.0%,6.47,100,6.5,"13,400",6.6,"2,000","32,300",6.5,6.3,,"1,000","24,088,021"
LHG,36.35,31.65,34,34.05,500,34.1,"5,100",34.15,"1,000",34.2,400,0.20,0.6%,34.2,200,34.25,"1,100",34.3,"2,500","221,800",34.5,33.1,"114,700","4,300","20,212,881"
LIX,61.7,53.7,57.7,57.3,"12,400",57.4,"9,300",57.5,"7,000",57.7,200,0.00,0.0%,57.7,"5,000",57.8,100,58,"1,000","105,400",57.7,57.2,"8,500",,"12,260,595"
LM8,13,11.3,12.15,11.3,300,11.35,600,11.4,400,11.8,300,-0.35,-2.9%,12,500,12.15,"4,100",12.2,"2,100","1,700",11.8,11.4,,,"4,434,709"
LPB,20.1,17.5,18.8,19.45,"25,000",19.5,"106,500",19.55,"130,800",19.6,800,0.80,4.3%,19.6,"212,900",19.65,"411,100",19.7,"450,500","13,379,000",19.7,18.8,,"90,600","2,941,040"
LSS,12.9,11.3,12.1,11.85,"6,300",11.9,"3,000",11.95,"30,000",12,"2,100",-0.10,-0.8%,12,"26,800",12.1,"7,400",12.2,"8,200","333,800",12,11.5,"6,700","5,000","32,888,003"
MBB,31.2,27.2,29.2,29.8,"39,700",29.85,"83,400",29.9,"114,600",29.9,500,0.70,2.4%,29.95,"73,800",30,"369,500",30.05,"5,100","11,684,100",29.95,29.1,"1,716,100","322,200","9,047,296"
MCG,3.88,3.38,3.63,3.38,"12,200",3.39,"1,000",3.4,"2,400",3.4,100,-0.23,-6.3%,3.44,"3,000",3.45,"11,800",3.5,200,"68,100",3.45,3.38,,,"25,441,946"
MCP,34.2,29.8,32,,,,,29.8,100,,,,,31.9,"1,000",33,200,33.4,200,,,,,,"7,355,956"
MDG,13.65,11.95,12.8,,,,,,,,,,,12.8,"5,000",12.9,400,13,500,,,,,,"5,335,625"
MHC,11.2,9.77,10.5,10.05,"9,400",10.1,"10,600",10.2,700,10.25,200,-0.25,-2.4%,10.25,"3,700",10.3,"10,000",10.35,"10,300","318,800",10.35,10,"40,900",,"19,448,277"
MIG,17.35,15.15,16.25,16.05,"3,600",16.1,"17,900",16.15,"32,300",16.2,500,-0.05,-0.3%,16.2,"186,900",16.25,"135,200",16.3,"6,200","232,900",16.3,16.15,900,,"61,601,024"
MSB,23,20,21.5,21.35,"6,000",21.4,"28,500",21.45,"21,500",21.5,500,0.00,0.0%,21.5,"34,400",21.55,"34,400",21.6,"53,900","2,502,400",21.7,21,"120,000",,17
MSH,50.9,44.35,47.65,47.75,700,47.8,"1,400",47.9,"2,000",48.3,500,0.65,1.4%,48.3,"1,000",48.4,"1,700",48.7,"1,000","18,300",48.3,47.7,"1,100",800,"21,450,106"
MSN,105,91.4,98.2,97.8,"3,600",97.9,"11,900",98,"14,300",98.2,500,0.00,0.0%,98.2,"6,600",98.3,"3,900",98.4,"10,000","3,528,200",98.9,96,"896,900","330,100","190,851,980"
MWG,152.4,132.6,142.5,143.4,900,143.5,"19,600",143.6,"4,200",143.7,500,1.20,0.8%,144,"5,900",144.1,"21,000",144.2,"12,000","1,527,500",144.3,140.5,"2,000,000","2,000,000",15
NAF,22.75,19.85,21.3,20.65,"1,000",20.7,900,20.85,600,20.85,100,-0.45,-2.1%,20.9,600,20.95,400,21,"9,200","9,900",21,20.55,500,"1,300","44,300,292"
NAV,21.95,19.15,20.55,,,19.2,600,19.35,100,19.35,100,-1.20,-5.8%,20.3,300,20.6,100,20.65,900,300,20.55,19.35,100,,"3,847,410"
NBB,29.3,25.5,27.4,25.7,"5,000",25.75,"1,100",27.4,900,,,,,27.5,"6,600",28,"19,400",28.3,"3,200",,,,,,"48,263,111"
NCT,76.2,66.4,71.3,70.6,600,70.7,"2,700",70.8,"1,800",71,"1,100",-0.30,-0.4%,71,600,71.3,400,71.4,"5,200","11,800",71.1,70.8,"3,000","1,200","10,361,092"
NHA,38.7,33.7,36.2,34.3,700,34.5,900,34.6,"1,200",34.7,200,-1.50,-4.1%,34.7,400,34.85,400,34.9,"30,500","168,600",35.5,33.7,,,"11,586,412"
NHH,63.1,54.9,59,59.1,"2,700",59.2,"1,200",59.3,700,59.4,"2,500",0.40,0.7%,59.4,"1,100",59.5,"7,400",59.6,"3,900","164,700",59.7,59,100,"3,800","36,360,995"
NKG,26.85,23.35,25.1,25.2,"1,100",25.25,600,25.3,"2,900",25.3,"2,000",0.20,0.8%,25.35,"25,200",25.4,"51,200",25.5,"64,800","2,731,000",25.4,24,"95,600","61,800","157,858,249"
NLG,36.45,31.75,34.1,33.9,900,34,"5,100",34.1,"43,700",34.1,"20,000",0.00,0.0%,34.15,900,34.2,"1,700",34.3,"4,200","676,200",34.2,33.4,"17,300","4,900","11,412,019"
NNC,33.15,28.85,31,29.4,"1,800",29.45,"1,500",29.5,100,29.6,100,-1.40,-4.5%,29.7,200,29.75,"3,000",29.8,"2,700","52,600",30.1,29.45,"1,200","7,300","8,296,590"
NT2,22.25,19.35,20.8,20.5,"18,400",20.55,"11,500",20.6,"7,300",20.6,700,-0.20,-1.0%,20.7,"3,300",20.75,"1,000",20.8,"2,900","146,800",20.9,20.4,200,300,"97,220,730"
NTL,26.1,22.7,24.4,23.85,"1,700",23.9,"1,000",24,"12,700",24,"6,500",-0.40,-1.6%,24.1,"6,100",24.15,"16,500",24.2,"36,400","944,000",24.15,23.55,"39,900","14,700","26,658,135"
NVL,114.8,99.8,107.3,106.4,"36,100",106.5,"26,200",106.6,"16,200",107,"5,000",-0.30,-0.3%,106.7,"3,500",106.8,400,107,"20,500","1,091,100",107.5,106.1,"273,200","504,000","308,076,620"
NVT,9.53,8.29,8.91,8.41,100,8.42,"1,000",8.49,200,9.08,100,0.17,1.9%,9.04,"1,000",9.05,"1,000",9.06,500,"4,800",9.4,8.29,,,"90,397,980"
OCB,23.55,20.55,22.05,22.55,"4,900",22.6,"86,700",22.65,"5,200",22.65,"1,400",0.60,2.7%,22.7,"23,900",22.75,"12,900",22.8,"141,900","2,660,600",22.85,22.1,"307,600","34,900","18,071,139"
OGC,7.23,6.29,6.76,6.49,100,6.5,"25,000",6.51,"1,500",6.51,500,-0.25,-3.7%,6.53,"20,100",6.55,"1,600",6.56,"53,300","542,800",6.7,6.35,"7,300","5,400","146,135,942"
OPC,64,55.8,59.9,58.3,200,58.6,200,58.7,200,58.3,200,-1.60,-2.7%,62.2,100,62.3,100,62.4,100,200,58.3,58.3,,,"11,683,378"
PAC,34.75,30.25,32.5,32,"3,200",32.1,"2,500",32.5,600,32.5,"1,000",0.00,0.0%,32.6,"3,000",32.95,200,33,"3,000","38,800",32.5,32,200,"4,800","16,644,451"
PC1,26.25,22.85,24.55,24.5,"5,400",24.55,"2,100",24.6,"2,000",24.6,200,0.05,0.2%,24.65,"2,100",24.7,"2,500",24.8,"2,500","451,400",24.6,24.1,"61,200","19,000","72,177,120"
PDN,93.9,81.7,87.8,82,"1,400",82.1,200,86,100,,,,,86.6,400,87,200,87.8,500,,,,,,"8,985,513"
PDR,81.7,71.1,76.4,78,"23,200",78.1,"16,600",78.2,"3,900",78.2,300,1.80,2.4%,78.3,"1,000",78.4,"1,500",78.5,"27,400","2,986,400",78.6,76,"308,800","107,800","201,222,252"
PET,21.3,18.6,19.95,19.8,"2,300",19.85,"11,400",19.9,"7,100",19.95,"1,900",0.00,0.0%,19.95,"13,300",20,"34,000",20.05,500,"1,186,900",20,19.05,"69,500",,"39,589,806"
PGC,18.15,15.85,17,16.6,"6,200",16.65,"1,100",16.7,600,16.6,600,-0.40,-2.4%,16.85,"6,700",16.9,200,17,"4,600","38,400",17,16.6,,,"27,516,519"
PGD,30.5,26.6,28.55,26.8,"5,000",28,"4,000",28.5,200,29.7,100,1.15,4.0%,29.7,100,29.85,100,29.9,500,100,29.7,29.7,,,"1,931,037"
PGI,21.7,18.9,20.3,19.8,"3,100",19.9,"5,300",20,"5,600",20.5,300,0.20,1.0%,20.5,"2,700",20.9,"1,500",20.95,500,"1,600",21.5,20,"1,000",,"25,105,483"
PHC,14.75,12.85,13.8,13.45,"16,200",13.5,"12,700",13.55,"4,700",13.6,"5,500",-0.20,-1.4%,13.6,300,13.65,"16,800",13.7,"24,800","287,300",13.85,13.45,,"5,000","12,601,179"
PHR,55.3,48.1,51.7,50.9,"15,000",51,"17,900",51.1,"8,000",51.2,200,-0.50,-1.0%,51.2,100,51.3,"4,300",51.4,"10,100","426,100",52,49.8,"170,100","220,400","47,118,683"
PIT,6.56,5.72,6.14,5.72,200,5.8,"14,500",5.9,200,5.8,200,-0.34,-5.5%,6.49,500,6.5,"10,600",6.56,100,"5,000",6.14,5.8,,,"7,337,624"
PJT,12.85,11.25,12.05,11.5,100,11.95,500,12,600,12.6,100,0.55,4.6%,12.55,"1,100",12.6,"2,500",12.65,900,100,12.6,12.6,,,"7,169,211"
PLP,10.45,9.12,9.8,9.62,"1,000",9.63,"1,500",9.7,"1,300",9.75,400,-0.05,-0.5%,9.75,"2,600",9.78,"6,000",9.79,"5,000","481,800",9.75,9.5,"7,200",100,"18,373,625"
PLX,54.5,47.45,51,50.4,"37,500",50.5,"47,600",50.6,"27,700",50.7,300,-0.30,-0.6%,50.7,"6,300",50.9,"19,000",51,"30,200","1,051,900",51.4,50.5,"138,400","160,300","49,233,420"
PME,80.2,69.8,75,,,71,"1,000",74,"1,000",75,600,0.00,0.0%,75,100,76,100,77,"4,200",600,75,75,,,"7,803,563"
PMG,26,22.6,24.3,,,,,22.6,"2,300",22.6,200,-1.70,-7.0%,24.45,300,24.55,500,24.6,600,"4,200",24.45,22.6,,,"11,096,413"
PNC,11,9.58,10.3,9.58,200,9.7,"3,000",9.71,700,10.3,100,0.00,0.0%,10.3,500,10.4,200,10.45,"1,300",400,10.3,9.6,,,"5,321,190"
PNJ,100.4,87.4,93.9,95,"10,200",95.1,"3,500",96,"11,500",96,100,2.10,2.2%,96.2,100,96.5,500,96.8,"3,100","740,600",96.5,91.5,"315,000","145,000","29,200"
POM,19.45,16.95,18.2,17.85,"7,200",17.9,"5,100",17.95,400,17.95,100,-0.25,-1.4%,18,"6,500",18.1,600,18.2,"17,200","700,000",17.95,17.1,"41,600","2,700","114,874,391"
POW,13.2,11.5,12.35,12.25,"153,700",12.3,"158,000",12.35,"97,200",12.4,"2,000",0.05,0.4%,12.4,"343,200",12.45,"161,800",12.5,"446,400","10,111,600",12.55,12.15,"338,700","745,400","1,062,602,337"
PPC,28.85,25.15,27,26.35,"3,000",26.4,"9,000",26.45,"7,600",26.45,"2,200",-0.55,-2.0%,26.5,"37,100",26.55,"8,300",26.6,"1,000","186,800",27,26.45,"41,200","77,700","111,947,099"
PSH,21.25,18.55,19.9,19.7,"4,500",19.8,"1,400",19.9,"1,200",19.9,"4,800",0.00,0.0%,20,"3,500",20.1,"4,500",20.2,"6,500","259,300",19.9,19.8,,,
PTB,85.7,74.5,80.1,80.5,"2,400",80.6,"1,000",81,500,81.2,400,1.10,1.4%,81.2,300,81.3,"1,300",81.5,"2,300","101,000",82,78.5,"49,300","4,100","15,019,638"
PTC,11.7,10.2,10.95,,,,,10.2,"5,000",,,,,10.9,"5,000",10.95,"1,100",11,"2,100",,,,,,"8,767,185"
PTL,6.61,5.75,6.18,5.8,"3,000",5.81,200,5.85,"5,600",6,200,-0.18,-2.9%,6,"3,800",6.24,"1,500",6.25,"2,600","12,800",6.5,5.85,,,"48,907,956"
PVD,21.75,18.95,20.35,20.15,"1,000",20.2,"10,800",20.25,"3,600",20.35,"4,300",0.00,0.0%,20.3,"1,300",20.35,"23,200",20.4,"60,300","4,391,500",20.65,19.7,"259,800","66,600","176,322,594"
PVT,17.2,15,16.1,16.3,"11,100",16.35,"8,400",16.4,"4,900",16.4,"2,500",0.30,1.9%,16.45,"26,700",16.5,"47,300",16.55,"30,000","2,342,800",16.55,16,"867,300","470,200","118,347,827"
PXI,4.17,3.63,3.9,3.68,"14,900",3.7,"4,400",3.71,"1,200",3.99,100,0.09,2.3%,3.99,"7,900",4,600,4.05,600,"29,600",3.99,3.68,,,"14,420,790"
PXS,7.11,6.19,6.65,6.47,"2,000",6.5,"17,000",6.51,500,6.5,"1,900",-0.15,-2.3%,6.64,800,6.65,"18,300",6.67,700,"301,200",6.67,6.22,"21,600",400,"22,585,612"
PXT,3.1,2.7,2.9,,,,,,,2.7,"1,400",-0.20,-6.9%,2.7,"1,026,200",2.71,500,2.8,"6,500","259,600",2.7,2.7,,,"9,664,900"
QBS,3.99,3.47,3.73,3.74,"13,500",3.75,100,3.81,100,3.93,300,0.20,5.4%,3.93,"11,700",3.94,"6,000",3.95,"71,100","474,800",3.95,3.65,,,
QCG,8.53,7.43,7.98,7.96,"9,300",8,"3,700",8.01,"16,800",8.02,"2,400",0.04,0.5%,8.02,"4,600",8.04,"5,300",8.06,500,"568,200",8.2,7.8,"37,700","22,300","133,241,468"
RAL,254.6,221.4,238,231.7,200,232,200,233.8,200,233.8,300,-4.20,-1.8%,236,300,237,"1,100",238,"1,700","22,500",238,231.6,200,400,"5,673,884"
RDP,10.45,9.12,9.8,9.36,"1,900",9.4,"1,700",9.45,500,9.85,100,0.05,0.5%,9.85,700,9.89,100,9.9,300,"4,100",10,9.36,,,"19,926,276"
REE,54.7,47.65,51.2,50.5,"15,400",50.6,"9,900",50.7,300,50.7,200,-0.50,-1.0%,50.8,"14,500",50.9,500,51,"6,000","201,100",51.2,50.3,,"5,700",
RIC,21.55,18.75,20.15,,,,,,,18.75,500,-1.40,-6.9%,18.75,"25,300",18.8,600,19,600,"67,400",19,18.75,"2,000",,"4,981,518"
ROS,8.39,7.31,7.85,7.76,"25,400",7.77,"49,600",7.78,"32,700",7.8,"15,000",-0.05,-0.6%,7.79,"1,800",7.8,"322,600",7.81,"44,000","22,225,800",7.85,7.59,"132,700","373,400","266,399,245"
S4A,28.35,24.65,26.5,26,"1,000",26.1,600,26.15,200,26.1,"4,900",-0.40,-1.5%,26.5,"5,100",27,"3,500",27.5,700,"10,800",26.3,26.1,,,"20,654,720"
SAB,179.3,155.9,167.6,166.6,100,166.8,100,166.9,"1,400",166.9,100,-0.70,-0.4%,167.6,900,167.7,300,167.8,900,"106,400",167.8,166.9,"74,700","35,100","237,376,329"
SAM,11.4,9.96,10.7,10.35,"1,800",10.4,"37,300",10.5,"1,300",10.6,200,-0.10,-0.9%,10.6,"5,800",10.65,"15,600",10.7,"6,100","128,000",10.7,10.3,"4,700","9,800","168,684,865"
SAV,36.1,31.4,33.75,31.8,"1,000",34,"37,400",34.5,100,34,"3,900",0.25,0.7%,36,"1,600",36.1,500,,,"87,200",36,31.4,"5,000","7,600","812,003"
SBA,17.5,15.3,16.4,15.85,"3,500",15.9,"6,000",16,500,16,100,-0.40,-2.4%,16.2,"5,000",16.3,"7,300",16.4,"2,000","37,500",16.4,16,,,"29,597,067"
SBT,21.05,18.35,19.7,19.65,"44,500",19.7,"44,700",19.75,"52,800",19.85,"2,000",0.15,0.8%,19.85,"2,500",19.9,"39,800",19.95,"59,900","2,661,300",20.5,19.65,"341,400","347,100","565,463,546"
SBV,16.7,14.6,15.65,15.8,"7,000",15.9,"7,400",16,"3,000",16.1,"1,200",0.45,2.9%,16.1,"2,500",16.15,"3,400",16.2,"26,200","159,300",16.2,15.45,"2,200",,"9,266,834"
SC5,24.6,21.4,23,,,,,23,"9,000",23.45,100,0.45,2.0%,23.45,300,23.5,400,24.5,300,"1,100",23.45,23,,,"6,695,373"
SCD,24.6,21.4,23,21.7,100,22,800,22.05,400,22.1,300,-0.90,-3.9%,23.1,800,23.2,"1,600",23.3,100,"1,200",22.5,22.1,,,"3,512,840"
SCR,8.76,7.62,8.19,8.31,"20,100",8.33,"11,600",8.34,"20,200",8.35,"3,300",0.16,2.0%,8.35,"22,600",8.36,"118,000",8.37,500,"4,233,300",8.39,8.19,"91,500",,"175,757,481"
SCS,134.8,117.2,126,126,500,126.1,200,126.3,200,126.4,200,0.40,0.3%,126.4,"3,000",126.5,300,126.9,400,"16,700",127,126.4,"15,100","15,200","13,398,802"
SFC,25.25,21.95,23.6,22.1,"1,000",22.2,100,22.5,"1,000",,,,,,,,,,,,,,,,"5,440,243"
SFG,9.42,8.2,8.81,8.3,"4,300",8.31,"5,000",8.32,"2,200",8.8,100,-0.01,-0.1%,8.84,200,8.85,"15,600",9.19,900,"23,500",8.9,8.8,,,"23,110,022"
SFI,39.95,34.75,37.35,35.3,700,35.4,"1,000",35.5,600,35.4,900,-1.95,-5.2%,36.7,100,36.8,"1,000",36.9,"1,300","1,800",36.8,35.3,,,"5,872,925"
SGN,74.9,65.1,70,69.1,200,69.5,100,69.6,400,69.9,100,-0.10,-0.1%,69.9,400,70,"4,400",70.3,"1,500","2,200",70,69.6,"1,100",200,"9,328,297"
SGR,31.55,27.45,29.5,28.95,"1,200",29.1,100,29.2,"1,300",29.1,300,-0.40,-1.4%,29.55,500,29.6,500,30,"5,900","21,000",29.45,27.6,400,"1,900","29,390,325"
SGT,16.95,14.75,15.85,15.4,100,15.5,"6,300",15.6,"1,000",15.85,800,0.00,0.0%,15.85,100,16,"1,000",16.5,"2,200","22,800",15.9,15.5,,,"26,364,393"
SHA,7.41,6.45,6.93,6.55,"5,600",6.56,"1,500",6.57,"1,000",6.56,500,-0.37,-5.3%,6.7,"3,000",6.85,"8,200",6.88,100,"116,000",6.88,6.46,"1,000","5,000","15,474,059"
SHI,22.55,19.65,21.1,20.8,"49,000",20.9,"5,500",21,400,21.05,"1,100",-0.05,-0.2%,21.05,"27,700",21.1,"21,000",21.5,"36,800","1,012,600",21.05,20.75,"6,900","2,400","44,156,934"
SHP,24.15,21.05,22.6,,,21.5,100,22.6,"6,600",22.6,100,0.00,0.0%,22.65,200,22.7,400,23,"10,700","1,800",22.6,22.6,"1,800",,"41,053,424"
SII,18.4,16,17.2,16.2,100,16.65,200,16.7,200,17.2,100,0.00,0.0%,17.2,900,17.9,100,18,900,"1,300",17.2,16.65,,,"29,333"
SJD,18.65,16.25,17.45,17.15,300,17.2,"23,200",17.25,"9,300",17.3,"2,200",-0.15,-0.9%,17.3,"4,300",17.4,"16,000",17.45,"41,700","81,300",17.4,17.25,,,"18,020,637"
SJF,4.1,3.58,3.84,3.98,300,3.99,"23,800",4,"10,500",4.02,500,0.18,4.7%,4.02,"1,500",4.03,200,4.04,200,"1,621,600",4.05,3.7,"225,500",,"37,585,486"
SJS,49.6,43.2,46.4,46,"6,800",46.2,"1,000",46.3,600,46.4,"1,000",0.00,0.0%,46.45,"3,000",46.5,"10,900",46.55,500,"128,400",47.1,45,"5,200",600,"54,838,771"
SKG,13.65,11.95,12.8,12.55,"18,900",12.6,"32,100",12.65,"4,500",12.7,500,-0.10,-0.8%,12.7,"30,200",12.75,"4,400",12.8,"4,200","181,700",12.75,12.55,"2,300","3,900","3,232,413"
SMA,8.58,7.46,8.02,7.6,"6,300",7.61,"3,000",7.65,100,7.6,100,-0.42,-5.2%,8.2,100,8.56,500,8.57,700,100,7.6,7.6,,,"9,962,306"
SMB,46,40,43,42,"10,000",42.2,"1,000",42.3,300,42.5,100,-0.50,-1.2%,42.5,"4,100",42.6,500,42.7,"13,000","1,100",43,42.5,,100,"10,827,436"
SMC,33.4,29.1,31.25,31,"1,000",31.1,"2,500",31.3,"1,400",31.35,800,0.10,0.3%,31.35,"4,200",31.4,"55,000",31.45,"10,300","748,000",32,29.8,"12,600","32,200","13,051,369"
SPM,14.55,12.65,13.6,12.7,100,12.75,100,13,400,13.4,"1,000",-0.20,-1.5%,13.8,200,13.9,"3,200",14.1,"1,000","3,000",13.4,13.4,,,"6,434,650"
SRC,22.1,19.3,20.7,19.95,300,20,100,20.1,200,20.1,100,-0.60,-2.9%,20.4,"1,300",20.5,"2,000",20.6,"1,900","7,400",20.6,20.1,,,"13,728,034"
SRF,13.8,12,12.9,12.2,"1,100",12.4,"1,800",12.5,200,12.8,100,-0.10,-0.8%,12.8,"1,500",12.85,"1,700",12.9,"1,000","16,400",12.95,12.4,,,"680,106"
SSB,29.4,25.6,27.5,26.7,"6,200",26.8,"26,900",26.85,"4,700",26.85,"3,300",-0.65,-2.4%,26.9,"7,700",26.95,"27,000",27,"17,100","492,100",27.5,26.8,,,
SSI,33.95,29.55,31.75,32.2,"39,700",32.25,"12,000",32.3,"37,000",32.35,"1,300",0.60,1.9%,32.35,"48,900",32.4,"88,100",32.45,"83,800","11,402,100",32.45,31.55,"832,700","147,000","350,422,392"
ST8,12.8,11.2,12,11.25,"2,000",11.3,"1,000",11.35,500,,,,,12,"2,400",12.05,"1,100",12.1,"2,000",,,,,,
STB,22.45,19.55,21,21.45,"344,500",21.5,"153,300",21.55,"27,200",21.55,"2,800",0.55,2.6%,21.6,"20,900",21.65,"100,500",21.7,"684,100","29,010,900",21.7,20.9,"2,652,800","515,300","245,680,239"
STG,18.15,15.85,17,16,"1,000",16.1,"1,000",16.2,"2,000",16.9,100,-0.10,-0.6%,16.9,700,17,"3,600",17.3,200,100,16.9,16.9,,,"48,082,060"
STK,36.15,31.45,33.8,32.2,"13,400",32.6,300,32.65,"4,300",32.9,500,-0.90,-2.7%,32.9,500,33,"1,300",33.2,100,"75,900",33.3,31.45,200,"1,200","27,751,869"
SVC,80.2,69.8,75,70,200,70.1,100,70.2,200,,,,,74.5,100,75,500,80.2,"1,700",,,,,,"15,674,423"
SVD,9.63,8.37,9,8.83,200,8.9,700,9,"2,800",9,"1,000",0.00,0.0%,9.1,"4,300",9.2,500,9.28,"1,500","111,200",9.3,8.7,100,,"6,270,600"
SVI,85.9,74.7,80.3,,,75.1,200,75.9,100,79.9,200,-0.40,-0.5%,80,100,83,100,83.9,200,200,79.9,79.9,,,"673,632"
SVT,18.25,15.95,17.1,16,100,16.1,200,17,400,17,600,-0.10,-0.6%,17.4,500,17.45,"1,500",18,"4,000","1,100",17,17,,,"5,673,125"
SZC,37.35,32.55,34.95,33.75,"4,400",33.8,"9,700",33.9,"1,000",33.8,"5,200",-1.15,-3.3%,34,"21,900",34.05,"15,000",34.1,"10,300","441,500",34.8,32.8,"6,800","1,400","45,588,840"
SZL,53.5,46.5,50,49,600,49.2,100,49.25,"4,900",49.25,200,-0.75,-1.5%,49.9,"3,900",50,"2,900",51,500,"5,900",49.3,49.25,"2,000",600,"6,247,300"
TAC,58.7,51.1,54.9,56,800,56.1,"3,300",56.5,"1,000",57.5,"1,000",2.60,4.7%,57.6,900,57.8,"1,300",58,"5,500","44,800",58.6,55.6,"2,500","2,500","15,639,250"
TBC,27.8,24.2,26,25.8,700,25.85,"1,100",25.9,"1,500",26,200,0.00,0.0%,26,"1,700",26.3,"2,800",26.4,"1,000","8,300",26,26,"1,000",,"30,818,616"
TCB,42.45,36.95,39.7,39.8,"56,400",39.85,"32,400",39.9,"69,100",39.9,500,0.20,0.5%,39.95,"22,400",40,"258,100",40.05,"114,300","7,422,500",40.05,39.1,,,
TCD,14.95,13.05,14,,,,,13.05,"4,600",13.05,200,-0.95,-6.8%,13.9,"6,200",14,"9,700",14.1,"2,600","111,300",14,13.05,,100,"33,313,578"
TCH,23,20,21.5,21.7,"31,900",21.75,"15,800",21.8,"7,500",21.8,300,0.30,1.4%,21.85,"7,400",21.9,"71,300",21.95,"16,900","5,580,600",21.9,21.3,"324,200","211,500","145,599,633"
TCL,31.75,27.65,29.7,29.5,"10,900",29.55,"11,100",29.6,"19,700",29.7,100,0.00,0.0%,29.7,"8,000",29.9,"16,900",29.95,"2,000","99,600",29.7,29.5,300,"2,600","13,735,515"
TCM,123.5,107.5,115.5,112.1,600,112.5,200,112.6,100,112.6,500,-2.90,-2.5%,112.8,400,112.9,"1,300",113,"5,000","119,600",115,111,"2,800","13,000","2,876,128"
TCO,13.55,11.85,12.7,11.9,"2,000",12,"5,000",12.5,"3,900",,,,,13.2,"9,100",,,,,,,,,,"8,734,818"
TCR,4.7,4.1,4.4,4.4,"5,100",4.5,100,4.53,100,4.6,100,0.20,4.5%,4.6,"4,400",4.65,"5,000",4.7,"5,200","8,000",4.6,4.55,,,111
TCT,31.7,27.6,29.65,28.8,"1,800",28.9,200,29,100,29,900,-0.65,-2.2%,29.25,200,29.3,100,29.35,300,"3,800",29,28.4,,,"4,461,120"
TDC,18.85,16.45,17.65,17.65,"2,700",17.7,100,17.75,300,17.8,500,0.15,0.8%,17.8,"3,900",17.85,"3,600",17.9,"25,600","452,600",17.95,17,"46,600",,"46,846,710"
TDG,4.33,3.77,4.05,4,"6,300",4.01,"1,200",4.02,"1,400",4.08,100,0.03,0.7%,4.08,"4,900",4.09,"10,000",4.1,"42,000","456,900",4.15,3.85,,,"8,064,331"
TDH,7.66,6.66,7.16,7.01,"4,500",7.02,"12,100",7.03,"2,700",7.05,"5,000",-0.11,-1.5%,7.05,"25,700",7.06,"5,700",7.08,"6,700","956,600",7.1,7,200,"47,200","46,497,421"
TDM,29.3,25.5,27.4,27.35,"36,100",27.4,"12,100",27.45,"5,000",27.5,"3,000",0.10,0.4%,27.5,"15,100",27.55,900,27.6,"10,900","119,800",27.5,27.1,"2,400",400,"44,122,650"
TDP,29.2,25.4,27.3,27,"1,400",27.1,600,27.3,500,27.3,500,0.00,0.0%,27.4,500,27.45,"2,200",27.5,"2,100","86,300",27.4,27.1,100,,"26,313,428"
TDW,37.45,32.55,35,,,32.6,200,33,500,,,,,37.2,200,37.4,700,,,,,,,,"3,944,120"
TEG,15.15,13.25,14.2,14.1,"5,900",14.15,100,14.2,900,14.2,500,0.00,0.0%,14.4,"5,900",14.5,"4,400",14.8,"5,200","38,300",14.4,13.9,"1,600",,"15,799,067"
TGG,4.59,3.99,4.29,4.29,"52,300",4.3,900,4.35,"5,000",4.35,"1,000",0.06,1.4%,4.4,"11,200",4.5,"73,500",4.51,500,"2,218,800",4.35,3.99,500,,"13,009,555"
THG,83.5,72.7,78.1,77,"17,500",77.1,"13,000",77.2,"10,400",78.4,100,0.30,0.4%,78.3,700,78.4,"1,000",78.5,"1,000","9,100",78.4,76.2,,,"6,715,503"
THI,29.2,25.4,27.3,26.2,100,26.5,500,26.6,100,,,,,27.3,100,28,500,28.4,500,,,,,,"23,879,940"
TIP,47.2,41.1,44.15,44.2,"4,400",44.25,300,44.3,800,44.2,200,0.05,0.1%,44.85,"1,100",44.9,"1,300",44.95,500,"76,500",45,44.1,"4,000",,"8,501,993"
TIX,31,27,29,,,27.2,"1,000",27.3,300,,,,,30.95,100,,,,,,,,,,"14,668,296"
TLD,7.14,6.22,6.68,6.7,"29,800",6.71,"7,000",6.72,"10,300",6.73,"1,000",0.05,0.7%,6.73,"3,000",6.74,"2,500",6.75,"5,000","642,100",6.99,6.35,"31,900","9,900","18,764,661"
TLG,39.05,33.95,36.5,36.35,100,36.4,500,36.45,100,36.5,100,0.00,0.0%,36.5,"2,900",36.6,500,36.7,100,"17,700",36.5,36.4,100,"9,700","58,056,798"
TLH,15.45,13.45,14.45,14.4,"30,400",14.45,"49,600",14.5,"17,500",14.5,100,0.05,0.3%,14.55,"9,000",14.6,"5,900",14.65,"8,200","1,655,300",14.9,14,"58,000","3,500","48,777,790"
TMP,45.45,39.55,42.5,42,"2,000",42.05,800,42.3,200,42.35,100,-0.15,-0.4%,42.35,"6,300",42.5,"1,900",42.9,"5,000","7,800",42.5,42.35,900,,"33,974,440"
TMS,56.4,49.15,52.8,50,500,50.1,"1,100",50.2,600,52,100,-0.80,-1.5%,52,"6,500",52.1,100,52.2,200,"2,000",52,52,,,"38,020"
TMT,12.6,11,11.8,,,,,,,11,300,-0.80,-6.8%,11,"46,500",11.3,300,11.6,"3,000","11,600",11.8,11,100,,"17,334,703"
TN1,61.3,53.3,57.3,54,900,54.5,"1,000",56,"1,100",60,100,2.70,4.7%,59.9,400,60,500,60.5,"1,000","2,600",60,57.3,,,
TNA,14.75,12.85,13.8,13.55,"13,200",13.6,"13,100",13.65,"1,900",13.7,100,-0.10,-0.7%,13.7,"26,400",13.75,"1,700",13.8,"96,500","403,300",13.7,13.1,"10,100","6,500","17,912,952"
TNC,32.15,27.95,30.05,28,100,28.05,600,28.1,400,,,,,31.95,600,32.1,200,32.15,200,,,,,,"9,021,290"
TNH,29.5,25.7,27.6,27.4,400,27.5,"1,100",27.6,"1,200",27.6,800,0.00,0.0%,27.95,"2,000",28,"21,500",28.1,"2,500","68,200",28.3,27.6,,,
TNI,4.84,4.22,4.53,4.43,"5,000",4.44,"8,000",4.45,"6,200",4.46,200,-0.07,-1.5%,4.46,"1,300",4.47,"15,100",4.48,"36,800","1,504,800",4.51,4.36,"13,400","42,400","25,104,230"
TNT,9,7.84,8.42,8.13,"1,000",8.14,"1,000",8.2,"3,200",8.28,500,-0.14,-1.7%,8.39,"7,900",8.4,"42,200",8.42,"3,200","74,900",8.42,8.13,,,"12,481,710"
TPB,28.85,25.15,27,27.2,"106,100",27.25,"31,400",27.3,"14,900",27.35,400,0.35,1.3%,27.35,"9,100",27.4,"24,800",27.45,"14,800","2,865,500",27.5,26.8,"30,100",,88
TPC,10.45,9.12,9.8,,,,,9.12,"1,000",,,,,9.74,100,9.75,100,9.78,100,,,,,,"11,570,086"
TRA,74.7,65.1,69.9,69,"1,200",69.1,"2,100",69.2,100,69.1,100,-0.80,-1.1%,69.9,500,70,"10,300",70.5,700,500,69.9,69.1,,,"2,569,215"
TRC,40.95,35.65,38.3,,,35.65,100,35.7,500,,,,,38,100,38.3,800,38.9,800,,,,,,"14,365,240"
TS4,5.12,4.46,4.79,4.47,"3,000",4.48,"3,500",4.57,"1,000",4.57,100,-0.22,-4.6%,4.58,"5,000",4.6,300,4.73,200,"64,800",4.6,4.46,,,"7,785,697"
TSC,9.08,7.9,8.49,8.47,100,8.48,"2,000",8.49,"1,200",8.49,200,0.00,0.0%,8.5,"45,900",8.51,"14,000",8.52,"56,700","2,211,700",8.58,8.06,"17,700","37,400","69,918,412"
TTA,16.05,13.95,15,14.7,"68,100",14.8,"27,500",14.85,500,14.8,"1,000",-0.20,-1.3%,14.9,"10,200",14.95,"5,100",15,"91,400","389,400",15.05,14.65,,,"65,731,930"
TTB,7.11,6.19,6.65,6.7,"1,800",6.78,"7,200",6.8,200,6.8,100,0.15,2.3%,6.85,"5,000",6.89,"1,000",6.9,"112,000","857,900",6.8,6.28,"44,800","4,200","24,258,783"
TTE,11.75,10.25,11,,,10.25,100,10.3,100,11.7,200,0.70,6.4%,11.65,400,11.7,"1,800",11.75,600,500,11.75,11.7,,,"14,529,634"
TTF,7.32,6.38,6.85,6.68,"24,600",6.69,"1,000",6.7,"10,400",6.7,"1,500",-0.15,-2.2%,6.71,"24,400",6.73,"2,000",6.75,"55,200","5,745,800",6.88,6.4,"402,000","16,100","151,527,169"
TV2,58.4,50.8,54.6,54,"2,600",54.1,"10,200",54.2,500,54,700,-0.60,-1.1%,54.3,"1,700",54.4,"5,100",54.5,"5,200","91,900",54.8,54,"8,400","3,100","2,594,082"
TVS,21.25,18.55,19.9,19,"3,000",19.05,"1,300",19.1,100,19.35,100,-0.55,-2.8%,19.35,100,19.4,"4,200",19.45,200,"38,100",19.5,18.9,,,"20,820,331"
TVT,27.8,24.2,26,24.3,"3,300",25,600,25.2,200,,,,,27,"1,300",27.05,500,27.8,"2,500",,,,,,"10,250,190"
TYA,17.25,15.05,16.15,15.95,"1,700",16,"1,900",16.05,"3,000",16.15,500,0.00,0.0%,16.2,500,16.4,"5,000",16.45,"2,200","41,900",16.45,15.95,,600,"4,037,515"
UDC,7.68,6.68,7.18,6.86,"2,000",6.9,"1,000",6.91,500,7,100,-0.18,-2.5%,6.99,"1,000",7,"31,300",7.03,"3,000","29,100",7.16,6.9,,,"15,665,440"
UIC,53.5,46.5,50,48.1,"1,000",49,200,49.1,400,,,,,50.1,"1,000",50.2,100,51,"1,100",,,,,,"2,025,590"
VAF,10.9,9.49,10.2,9.71,500,9.75,100,9.8,"20,000",10.2,"2,000",0.00,0.0%,10.9,600,,,,,"4,700",10.2,10.2,,,"18,455,885"
VCA,16.35,14.25,15.3,14.4,"3,500",14.45,"5,600",14.5,900,14.5,100,-0.80,-5.2%,15,"3,000",15.2,"3,600",15.3,500,"40,300",14.75,14.4,,"1,000","7,366,401"
VCB,110.2,95.8,103,101.9,"4,100",102,"7,500",102.1,"3,300",102.1,200,-0.90,-0.9%,102.2,800,102.4,"3,300",102.5,"20,600","1,344,200",103.1,100.5,"440,100","112,900","246,745,338"
VCF,265.3,230.7,248,240,100,243.8,100,244.1,200,247.9,100,-0.10,-0.0%,248,"1,100",250,"3,800",251,200,100,247.9,247.9,100,,"12,859,238"
VCG,51.1,44.5,47.8,47.3,"6,000",47.4,"5,200",47.7,"1,500",47.7,400,-0.10,-0.2%,47.75,"5,800",47.8,"133,600",47.85,"4,000","243,300",47.9,47,"129,000","14,600","213,362,234"
VCI,65,56.6,60.8,61.1,"3,500",61.2,"1,600",61.3,"1,500",61.3,100,0.50,0.8%,61.4,"1,000",61.5,"4,500",61.6,"13,500","887,000",63.1,60,"25,000","60,300","124,550,915"
VDP,39.55,34.45,37,,,,,34.5,400,,,,,37,"1,500",39.5,400,,,,,,,,"7,845,399"
VDS,15.3,13.3,14.3,14.25,"7,000",14.3,"4,900",14.35,"1,700",14.35,"2,500",0.05,0.3%,14.4,"8,000",14.45,"5,100",14.5,"1,700","200,400",14.6,14,"5,800","8,700","48,430,603"
VGC,35.4,30.8,33.1,33,"4,700",33.1,"2,000",33.2,"2,000",33.3,"1,000",0.20,0.6%,33.35,100,33.5,"13,000",33.6,600,"103,300",33.3,32.95,"48,600","12,700","190,464,808"
VHC,38.4,33.4,35.9,36.1,"11,500",36.25,"2,300",36.5,"1,900",36.6,100,0.70,1.9%,36.6,"1,400",36.7,"8,200",36.8,"11,000","556,500",36.9,35.2,"46,400","10,700","142,152,900"
VHM,110.3,95.9,103.1,102.5,"39,700",102.6,"9,100",102.7,"5,800",102.8,100,-0.30,-0.3%,102.8,"10,400",102.9,"15,100",103,"14,300","6,146,700",104.5,102,"996,300","519,600","885,783,782"
VIB,57,49.6,53.3,52,"12,100",52.1,"4,800",52.3,"11,900",52.3,"5,800",-1.00,-1.9%,52.4,"111,800",52.5,"2,900",52.6,600,"542,200",53,51.5,"21,000","6,100","187,333"
VIC,148.5,129.1,138.8,135.9,"12,600",136,"13,200",136.1,"7,200",136.3,700,-2.50,-1.8%,136.3,"1,600",136.4,"23,300",136.5,"10,400","2,586,500",139.5,133,"893,900","473,000","746,764,811"
VID,13.9,12.1,13,,,12.1,"1,600",12.2,900,12.2,100,-0.80,-6.2%,12.3,"3,000",12.75,"2,000",12.8,"1,000","3,400",12.8,12.2,,,"15,010,636"
VIP,9.56,8.32,8.94,8.76,100,8.8,"2,400",8.86,"5,200",8.86,500,-0.08,-0.9%,8.87,"4,300",8.88,"38,400",8.94,"2,700","197,200",9,8.6,,,"30,846,037"
VIS,24.6,21.4,23,,,,,,,21.4,100,-1.60,-7.0%,21.4,"64,900",21.5,"2,200",21.6,"1,000","16,500",22.4,21.4,,,"19,147,789"
VIX,33.85,29.45,31.65,32.9,"67,300",32.95,"166,700",33,"230,400",33,200,1.35,4.3%,33.05,"46,200",33.1,"88,500",33.15,"110,600","8,781,000",33.05,31.6,"7,500","21,100","61,585,039"
VJC,139.5,121.3,130.4,127.8,"7,300",127.9,"3,000",128,700,128.1,100,-2.30,-1.8%,128.1,"1,900",128.2,"3,000",128.3,"1,800","459,900",130.8,127.9,"102,400","192,800","58,462,807"
VMD,24.7,21.5,23.1,21.6,"3,000",21.7,"3,000",21.75,"2,000",22.6,100,-0.50,-2.2%,22.9,"2,200",23,"8,800",23.2,500,100,22.6,22.6,,,"7,346,950"
VNE,7.6,6.62,7.11,7.03,300,7.06,100,7.1,"1,600",7.11,200,0.00,0.0%,7.11,"13,400",7.13,"19,900",7.2,"26,400","79,500",7.3,7,100,"1,500","38,698,475"
VNG,14.65,12.75,13.7,13.15,"1,900",13.2,"3,400",13.25,"2,000",13.3,"1,200",-0.40,-2.9%,13.3,"1,600",13.35,"2,400",13.4,"8,800","131,100",13.6,12.75,,100,"47,440,924"
VNL,18.7,16.3,17.5,17.3,"1,000",17.35,500,17.5,600,17.5,100,0.00,0.0%,18,"1,000",18.5,"4,500",18.7,"2,300",100,17.5,17.5,,,"3,754,590"
VNM,104.8,91.2,98,97.3,"24,600",97.4,"34,900",97.5,"19,000",97.8,200,-0.20,-0.2%,97.8,"2,600",97.9,"21,800",98,"121,000","2,238,500",98.1,96.8,"899,800","112,000","928,500,834"
VNS,11.2,9.77,10.5,9.81,"4,000",9.9,700,10,600,10.5,200,0.00,0.0%,10.5,"3,500",10.55,100,10.75,300,200,10.5,10.5,,,"19,760,363"
VOS,3.99,3.47,3.73,3.8,"18,500",3.81,"26,500",3.82,"4,100",3.85,"3,000",0.12,3.2%,3.85,300,3.86,"4,800",3.87,"12,900","1,264,900",3.93,3.5,"62,500","7,800","65,876,950"
VPB,52.4,45.6,49,49.8,"66,100",49.85,"62,300",49.9,"24,000",49.9,100,0.90,1.8%,49.95,"5,500",50,"71,300",50.1,"50,200","11,493,200",50.4,48.8,"735,800","2,280,700","1,051,700"
VPD,16.25,14.15,15.2,,,14.2,"4,000",14.3,"9,400",14.3,400,-0.90,-5.9%,14.7,100,14.8,"5,100",14.9,"2,100",500,14.5,14.3,,,"52,176,183"
VPG,32.7,28.5,30.6,30.85,200,31.1,"4,600",31.15,"1,200",31.15,800,0.55,1.8%,31.2,"5,700",31.3,"2,000",31.4,100,"1,125,300",31.2,29.35,"10,800","44,000","17,864,750"
VPH,6.2,5.4,5.8,5.65,"19,200",5.66,"9,800",5.7,"10,000",5.66,400,-0.14,-2.4%,5.74,"18,600",5.75,"10,300",5.78,"12,000","342,200",5.75,5.6,"8,700","25,000","35,451,384"
VPI,37.65,32.75,35.2,35.2,"6,300",35.25,"9,000",35.4,"8,200",35.5,700,0.30,0.9%,35.45,"12,500",35.5,"13,800",35.6,"7,600","480,300",35.8,35.2,"10,900","1,900","95,929,006"
VPS,15.1,13.2,14.15,13.35,100,13.4,"1,400",13.5,"1,500",14.35,200,0.20,1.4%,14.3,"1,000",14.35,"1,500",14.4,"1,400","4,700",14.35,13.3,,,"11,811,910"
VRC,10,8.7,9.35,9.26,500,9.3,"2,000",9.31,"3,400",9.3,200,-0.05,-0.5%,9.4,"1,300",9.5,"2,200",9.6,"2,300","257,500",9.35,9,"18,100","9,100","23,473,984"
VRE,34.45,29.95,32.2,32.4,"67,200",32.45,"49,100",32.5,"41,600",32.55,"5,000",0.35,1.1%,32.55,"61,200",32.6,"92,100",32.65,"32,700","5,823,400",33,32.2,"1,295,900","3,045,800","428,394,840"
VSC,51.8,45.15,48.5,48.6,"3,400",48.65,"5,000",48.7,100,48.8,100,0.30,0.6%,48.8,400,48.9,200,49,700,"46,100",49.6,48.4,"5,500","9,900","14,210,149"
VSH,20.4,17.8,19.1,18.8,"10,800",18.9,"10,000",19,"5,900",19,500,-0.10,-0.5%,19.05,"3,200",19.1,"5,300",19.15,"3,600","26,100",19,18.9,,,"87,775,519"
VSI,20.4,17.8,19.1,18.7,500,18.8,"1,000",18.9,500,19,500,-0.10,-0.5%,19,"1,500",19.1,600,19.5,"1,300",500,19,19,,,"6,385,140"
VTB,13.1,11.4,12.25,12.1,"11,000",12.15,100,12.45,500,12.8,100,0.55,4.5%,12.7,200,12.8,"5,600",12.9,"3,300","8,300",12.8,12.3,,"1,000","5,685,570"
VTO,9.63,8.37,9,8.9,"5,500",8.91,600,9,"6,400",9.01,200,0.01,0.1%,9.07,"3,000",9.08,"1,200",9.09,"1,100","54,200",9.01,8.9,,,"37,622,638"
YBM,8.17,7.11,7.64,7.2,500,7.31,"1,000",7.4,"5,800",7.4,700,-0.24,-3.1%,7.5,"1,000",7.69,"6,000",7.7,"2,800","5,000",7.64,7.2,,,"6,989,014"
YEG,25,21.8,23.4,24.9,"5,700",24.95,"4,300",25,"95,600",25,200,1.60,6.8%,,,,,,,"404,300",25,24,"14,300",,"22,725,477"
