Date,VNI_Close,Change,Volume,Transaction_value,a,b,c,d
04/01/2022,"1525,58","+27,30(+1,82%)",891.296.929,"28.616,47 tỷ",43.843.300,"1.803,65 tỷ",30.762.400,"1.368,81 tỷ"
31/12/2021,"1498,28","+12,31(+0,83%)",875.730.157,"26.096,51 tỷ",25.287.900,"860,77 tỷ",24.244.500,"739,37 tỷ"
30/12/2021,"1485,97","+0,15(+0,01%)",747.860.796,"22.029,31 tỷ",18.695.900,"687,81 tỷ",17.860.298,"620,61 tỷ"
29/12/2021,"1485,82","-8,57(-0,57%)",843.880.193,"25.497,12 tỷ",21.428.900,"789,58 tỷ",15.797.100,"558,50 tỷ"
28/12/2021,"1494,39","+5,51(+0,37%)",1.002.235.082,"29.029,43 tỷ",39.733.000,"1.536,10 tỷ",25.616.117,"1.174,35 tỷ"
27/12/2021,"1488,88","+11,85(+0,80%)",752.108.132,"22.084,85 tỷ",26.623.900,"1.105,80 tỷ",15.595.000,"666,23 tỷ"
24/12/2021,"1477,03","+20,07(+1,38%)",889.477.822,"25.443,55 tỷ",23.449.100,"1.012,29 tỷ",24.325.700,"993,97 tỷ"
23/12/2021,"1456,96","-20,71(-1,40%)",1.360.820.820,"45.562,07 tỷ",25.673.960,"1.286,50 tỷ",36.715.760,"1.912,88 tỷ"
22/12/2021,"1477,67","-1,07(-0,07%)",1.069.404.879,"33.627,36 tỷ",27.579.600,"1.308,82 tỷ",25.809.250,"1.098,39 tỷ"
21/12/2021,"1478,74","+1,41(+0,10%)",902.842.646,"28.670,00 tỷ",28.921.630,"1.499,44 tỷ",27.607.430,"1.448,83 tỷ"
20/12/2021,"1477,33","-2,46(-0,17%)",963.352.356,"28.941,72 tỷ",30.291.880,"1.215,09 tỷ",30.632.580,"1.232,38 tỷ"
17/12/2021,"1479,79","+3,18(+0,22%)",1.114.654.780,"34.461,01 tỷ",56.998.600,"3.157,95 tỷ",78.153.500,"3.861,70 tỷ"
16/12/2021,"1476,61","+1,11(+0,08%)",927.543.722,"26.972,80 tỷ",32.802.300,"1.357,71 tỷ",40.311.900,"1.516,32 tỷ"
15/12/2021,"1475,50","-0,52(-0,04%)",906.078.231,"25.916,43 tỷ",26.458.700,"1.302,02 tỷ",36.247.612,"1.451,68 tỷ"
14/12/2021,"1476,02","-0,19(-0,01%)",964.112.610,"27.653,32 tỷ",23.390.700,"1.190,29 tỷ",47.701.130,"2.069,57 tỷ"
13/12/2021,"1476,21","+12,67(+0,87%)",865.576.229,"25.903,32 tỷ",32.246.921,"1.362,39 tỷ",34.344.989,"1.407,18 tỷ"
10/12/2021,"1463,54","-4,44(-0,30%)",798.293.506,"23.011,32 tỷ",22.733.407,"872,65 tỷ",34.825.407,"1.346,84 tỷ"
09/12/2021,"1467,98","+15,11(+1,04%)",665.456.219,"19.515,22 tỷ",34.062.500,"1.309,21 tỷ",26.670.300,"959,27 tỷ"
08/12/2021,"1452,87","+6,10(+0,42%)",771.026.551,"21.611,17 tỷ",24.363.400,"1.128,79 tỷ",30.135.420,"1.246,29 tỷ"
07/12/2021,"1446,77","+33,19(+2,35%)",755.904.623,"21.688,29 tỷ",41.738.300,"1.710,02 tỷ",34.643.600,"1.410,52 tỷ"
06/12/2021,"1413,58","-29,74(-2,06%)",1.038.157.036,"31.386,71 tỷ",37.922.500,"1.750,82 tỷ",33.385.800,"1.441,99 tỷ"
03/12/2021,"1443,32","-38,73(-2,61%)",1.096.303.123,"32.864,08 tỷ",17.940.310,"939,56 tỷ",31.650.510,"1.354,77 tỷ"
02/12/2021,"1482,05","-3,14(-0,21%)",763.954.615,"23.002,22 tỷ",22.861.995,"1.197,42 tỷ",47.257.795,"1.937,14 tỷ"
01/12/2021,"1485,19","+6,75(+0,46%)",876.732.002,"26.593,00 tỷ",29.766.300,"1.161,81 tỷ",49.068.556,"2.231,94 tỷ"
30/11/2021,"1478,44","-6,40(-0,43%)",1.084.948.409,"34.417,86 tỷ",31.778.400,"1.748,08 tỷ",53.032.630,"2.353,59 tỷ"
29/11/2021,"1484,84","-8,19(-0,55%)",1.012.516.709,"31.592,05 tỷ",47.608.800,"2.070,03 tỷ",52.824.100,"2.422,44 tỷ"
26/11/2021,"1493,03","-7,78(-0,52%)",1.060.467.059,"35.414,54 tỷ",26.184.880,"1.623,21 tỷ",77.827.180,"3.721,45 tỷ"
25/11/2021,"1500,81","+11,94(+0,80%)",1.014.179.042,"31.799,88 tỷ",33.801.290,"1.500,29 tỷ",57.165.860,"2.450,23 tỷ"
24/11/2021,"1488,87","+25,24(+1,72%)",1.116.907.735,"35.868,69 tỷ",32.927.910,"1.595,07 tỷ",59.346.310,"2.567,97 tỷ"
23/11/2021,"1463,63","+16,38(+1,13%)",880.068.167,"26.227,22 tỷ",34.035.900,"1.340,53 tỷ",27.370.170,"1.114,30 tỷ"
22/11/2021,"1447,25","-5,10(-0,35%)",1.269.016.063,"36.576,12 tỷ",52.587.700,"2.123,32 tỷ",45.929.610,"1.619,07 tỷ"
19/11/2021,"1452,35","-17,48(-1,19%)",1.522.741.123,"44.802,51 tỷ",35.604.700,"1.583,99 tỷ",56.442.660,"2.388,90 tỷ"
18/11/2021,"1469,83","-6,02(-0,41%)",1.090.650.125,"34.925,45 tỷ",40.486.740,"2.153,24 tỷ",51.446.790,"2.626,06 tỷ"
17/11/2021,"1475,85","+9,40(+0,64%)",860.799.789,"26.067,69 tỷ",33.603.800,"1.563,03 tỷ",36.927.920,"1.775,79 tỷ"
16/11/2021,"1466,45","-10,12(-0,69%)",1.223.765.038,"34.826,46 tỷ",44.289.600,"1.972,78 tỷ",41.843.500,"1.764,40 tỷ"
15/11/2021,"1476,57","+3,20(+0,22%)",1.174.091.099,"34.045,61 tỷ",38.238.800,"1.775,29 tỷ",38.004.500,"1.671,96 tỷ"
12/11/2021,"1473,37","+11,02(+0,75%)",955.626.793,"26.525,74 tỷ",39.843.310,"1.590,58 tỷ",35.220.410,"1.377,68 tỷ"
11/11/2021,"1462,35","-2,67(-0,18%)",1.265.480.252,"38.134,77 tỷ",24.879.110,"1.151,24 tỷ",52.217.790,"2.360,67 tỷ"
10/11/2021,"1465,02","+3,52(+0,24%)",985.538.325,"29.742,38 tỷ",23.301.690,"885,11 tỷ",38.147.850,"1.692,33 tỷ"
09/11/2021,"1461,50","-6,07(-0,41%)",1.030.268.558,"29.987,69 tỷ",43.672.500,"1.994,45 tỷ",45.544.400,"1.986,88 tỷ"
08/11/2021,"1467,57","+11,06(+0,76%)",1.075.456.706,"31.439,00 tỷ",48.069.800,"2.099,16 tỷ",43.593.700,"1.592,42 tỷ"
05/11/2021,"1456,51","+8,17(+0,56%)",874.070.856,"26.140,68 tỷ",31.058.400,"1.400,93 tỷ",28.331.400,"1.173,08 tỷ"
04/11/2021,"1448,34","+4,04(+0,28%)",929.526.879,"27.872,55 tỷ",45.240.900,"1.650,31 tỷ",48.946.900,"1.724,20 tỷ"
03/11/2021,"1444,30","-8,16(-0,56%)",1.505.103.001,"43.208,87 tỷ",39.540.500,"1.828,37 tỷ",38.390.800,"1.545,89 tỷ"
02/11/2021,"1452,46","+13,49(+0,94%)",1.009.457.944,"28.851,70 tỷ",28.224.411,"1.053,74 tỷ",45.193.111,"2.223,25 tỷ"
01/11/2021,"1438,97","-5,30(-0,37%)",1.132.355.594,"33.700,84 tỷ",27.493.950,"1.153,66 tỷ",49.663.350,"2.420,59 tỷ"
29/10/2021,"1444,27","+6,26(+0,44%)",982.012.981,"28.879,88 tỷ",45.397.000,"1.777,74 tỷ",44.847.487,"1.717,83 tỷ"
28/10/2021,"1438,01","+14,99(+1,05%)",865.428.358,"26.186,48 tỷ",49.485.400,"2.085,97 tỷ",37.645.800,"1.459,97 tỷ"
27/10/2021,"1423,02","+31,39(+2,26%)",936.215.641,"28.378,98 tỷ",56.936.200,"2.424,13 tỷ",34.591.780,"1.403,35 tỷ"
26/10/2021,"1391,63","+6,23(+0,45%)",747.953.042,"21.027,61 tỷ",26.678.700,"952,07 tỷ",23.964.900,"1.012,96 tỷ"
25/10/2021,"1385,40","-3,84(-0,28%)",899.256.607,"27.098,47 tỷ",23.240.440,"998,62 tỷ",41.489.640,"2.188,24 tỷ"
22/10/2021,"1389,24","+4,47(+0,32%)",798.130.096,"21.560,64 tỷ",21.518.400,"1.065,25 tỷ",35.032.500,"1.279,54 tỷ"
21/10/2021,"1384,77","-9,03(-0,65%)",709.066.538,"21.014,22 tỷ",27.705.700,"1.130,54 tỷ",43.410.900,"1.920,43 tỷ"
20/10/2021,"1393,80","-1,53(-0,11%)",845.890.585,"23.780,37 tỷ",35.160.394,"1.471,10 tỷ",59.090.494,"2.834,45 tỷ"
19/10/2021,"1395,33","-0,20(-0,01%)",639.434.845,"20.344,20 tỷ",31.250.200,"1.447,80 tỷ",38.888.554,"1.916,08 tỷ"
18/10/2021,"1395,53","+2,83(+0,20%)",795.914.692,"23.652,56 tỷ",29.123.090,"1.203,42 tỷ",39.029.890,"1.810,37 tỷ"
15/10/2021,"1392,70","+0,85(+0,06%)",784.555.061,"22.093,07 tỷ",33.286.700,"1.387,70 tỷ",41.655.100,"1.310,72 tỷ"
14/10/2021,"1391,85","-0,06(0,00%)",725.510.981,"22.112,00 tỷ",51.454.100,"1.952,93 tỷ",59.825.180,"2.597,91 tỷ"
13/10/2021,"1391,91","-2,89(-0,21%)",645.348.558,"18.788,00 tỷ",22.696.480,"1.006,22 tỷ",32.855.780,"1.525,53 tỷ"
12/10/2021,"1394,80","+0,71(+0,05%)",742.805.129,"22.191,00 tỷ",41.393.149,"2.047,89 tỷ",44.203.449,"2.087,34 tỷ"
11/10/2021,"1394,09","+21,36(+1,56%)",764.352.327,"22.791,00 tỷ",34.800.544,"1.467,46 tỷ",24.970.900,"1.043,54 tỷ"
08/10/2021,"1372,73","+6,74(+0,49%)",632.858.613,"17.958,00 tỷ",18.307.900,"898,67 tỷ",26.429.300,"1.029,43 tỷ"
07/10/2021,"1365,99","+3,17(+0,23%)",693.029.125,"19.926,00 tỷ",22.599.260,"883,67 tỷ",37.445.360,"1.462,53 tỷ"
06/10/2021,"1362,82","+8,19(+0,60%)",636.997.547,"19.436,00 tỷ",20.892.420,"949,85 tỷ",33.535.820,"1.481,30 tỷ"
05/10/2021,"1354,63","+15,09(+1,13%)",636.267.312,"19.305,00 tỷ",45.366.461,"1.971,19 tỷ",34.025.534,"1.412,07 tỷ"
04/10/2021,"1339,54","+4,65(+0,35%)",736.080.360,"22.880,00 tỷ",19.955.800,"860,61 tỷ",29.657.200,"1.204,17 tỷ"
01/10/2021,"1334,89","-7,17(-0,53%)",738.173.557,"23.303,00 tỷ",118.492.667,"4.573,68 tỷ",131.378.867,"5.117,56 tỷ"
30/09/2021,"1342,06","+2,85(+0,21%)",476.912.516,"15.185,00 tỷ",26.301.200,"1.260,07 tỷ",33.210.400,"1.438,86 tỷ"
29/09/2021,"1339,21","-0,10(-0,01%)",598.500.652,"17.235,00 tỷ",18.374.400,"743,42 tỷ",33.076.427,"1.256,87 tỷ"
28/09/2021,"1339,31","+14,32(+1,08%)",623.510.017,"18.367,00 tỷ",39.296.700,"1.568,91 tỷ",23.886.957,"1.083,60 tỷ"
27/09/2021,"1324,99","-26,18(-1,94%)",778.441.500,"21.787,00 tỷ",27.279.297,"1.421,36 tỷ",34.411.432,"1.683,66 tỷ"
24/09/2021,"1351,17","-1,59(-0,12%)",673.103.663,"18.331,00 tỷ",31.538.900,"1.241,38 tỷ",23.092.640,"1.083,88 tỷ"
23/09/2021,"1352,76","+2,08(+0,15%)",997.614.231,"23.304,00 tỷ",25.236.300,"1.183,59 tỷ",37.360.300,"1.556,40 tỷ"
22/09/2021,"1350,68","+10,84(+0,81%)",779.651.676,"18.976,00 tỷ",19.386.300,"979,53 tỷ",32.176.500,"1.180,63 tỷ"
21/09/2021,"1339,84","-10,64(-0,79%)",859.676.427,"23.432,00 tỷ",24.655.400,"1.032,95 tỷ",38.807.800,"1.475,94 tỷ"
20/09/2021,"1350,48","-2,16(-0,16%)",895.455.107,"24.533,00 tỷ",25.793.900,"960,69 tỷ",23.869.400,"907,11 tỷ"
17/09/2021,"1352,64","+6,77(+0,50%)",852.780.673,"25.944,00 tỷ",52.283.400,"2.750,62 tỷ",104.211.101,"4.438,62 tỷ"
16/09/2021,"1345,87","+0,04(+0,00%)",599.771.454,"18.203,00 tỷ",30.336.900,"1.623,56 tỷ",47.632.100,"2.949,59 tỷ"
15/09/2021,"1345,83","+6,13(+0,46%)",692.092.703,"19.190,00 tỷ",31.465.500,"1.644,19 tỷ",32.960.590,"1.658,05 tỷ"
14/09/2021,"1339,70","-1,73(-0,13%)",730.452.891,"19.659,00 tỷ",29.384.881,"1.441,73 tỷ",45.168.581,"2.195,03 tỷ"
13/09/2021,"1341,43","-3,88(-0,29%)",775.469.272,"23.110,00 tỷ",29.509.200,"1.552,85 tỷ",37.501.500,"1.983,94 tỷ"
10/09/2021,"1345,31","+1,33(+0,10%)",598.724.645,"19.237,00 tỷ",32.178.900,"1.754,10 tỷ",43.654.300,"2.504,86 tỷ"
09/09/2021,"1343,98","+10,37(+0,78%)",642.566.874,"19.583,00 tỷ",31.897.800,"1.202,18 tỷ",39.113.355,"1.716,77 tỷ"
08/09/2021,"1333,61","-8,29(-0,62%)",626.074.552,"19.579,00 tỷ",31.381.700,"1.314,31 tỷ",34.597.400,"1.760,10 tỷ"
07/09/2021,"1341,90","-4,49(-0,33%)",869.378.866,"26.659,00 tỷ",30.591.200,"1.327,23 tỷ",45.371.810,"2.153,15 tỷ"
06/09/2021,"1346,39","+11,74(+0,88%)",944.404.672,"28.221,00 tỷ",48.184.600,"1.707,46 tỷ",41.117.051,"1.997,32 tỷ"
01/09/2021,"1334,65","+3,18(+0,24%)",719.955.649,"24.495,00 tỷ",54.906.730,"3.760,38 tỷ",61.590.830,"4.390,37 tỷ"
31/08/2021,"1331,47","+3,33(+0,25%)",733.824.821,"22.887,00 tỷ",36.550.200,"1.572,50 tỷ",34.079.700,"1.761,29 tỷ"
30/08/2021,"1328,14","+14,94(+1,14%)",676.541.323,"21.392,00 tỷ",42.070.538,"1.676,70 tỷ",47.340.038,"2.065,30 tỷ"
27/08/2021,"1313,20","+12,08(+0,93%)",685.055.617,"21.406,00 tỷ",31.131.000,"1.160,35 tỷ",31.967.600,"1.545,19 tỷ"
26/08/2021,"1301,12","-8,43(-0,64%)",524.291.609,"17.763,00 tỷ",36.526.100,"1.351,37 tỷ",40.550.380,"1.755,06 tỷ"
25/08/2021,"1309,55","+10,81(+0,83%)",522.872.560,"16.780,41 tỷ",27.464.383,"1.101,40 tỷ",26.358.035,"1.111,10 tỷ"
24/08/2021,"1298,74","-0,12(-0,01%)",714.265.881,"23.432,77 tỷ",35.952.755,"1.496,82 tỷ",32.214.805,"1.363,08 tỷ"
23/08/2021,"1298,86","-30,57(-2,30%)",795.068.928,"25.818,88 tỷ",32.897.600,"1.410,98 tỷ",44.636.410,"1.792,66 tỷ"
20/08/2021,"1329,43","-45,42(-3,30%)",1.206.468.346,"38.349,00 tỷ",29.972.500,"1.375,37 tỷ",48.950.340,"2.148,85 tỷ"
19/08/2021,"1374,85","+13,91(+1,02%)",728.172.556,"25.510,00 tỷ",54.708.045,"2.983,84 tỷ",67.390.045,"3.652,35 tỷ"
18/08/2021,"1360,94","-2,15(-0,16%)",689.777.155,"24.406,00 tỷ",18.225.808,"859,11 tỷ",53.308.808,"2.740,81 tỷ"
17/08/2021,"1363,09","-7,87(-0,57%)",768.611.381,"25.774,00 tỷ",20.617.700,"990,90 tỷ",42.183.000,"2.374,31 tỷ"
16/08/2021,"1370,96","+13,91(+1,03%)",827.714.487,"27.504,00 tỷ",23.478.400,"1.151,59 tỷ",43.005.700,"2.109,58 tỷ"
13/08/2021,"1357,05","+4,00(+0,30%)",744.146.512,"24.628,00 tỷ",30.143.746,"1.512,83 tỷ",42.095.046,"2.292,94 tỷ"
12/08/2021,"1353,05","-4,74(-0,35%)",741.564.306,"22.684,00 tỷ",23.389.940,"1.043,76 tỷ",25.223.750,"1.187,22 tỷ"
11/08/2021,"1357,79","-4,64(-0,34%)",806.773.484,"26.344,00 tỷ",24.280.700,"1.200,31 tỷ",47.104.155,"1.942,12 tỷ"
10/08/2021,"1362,43","+2,57(+0,19%)",716.535.179,"23.008,00 tỷ",25.561.200,"1.360,48 tỷ",45.710.200,"1.948,69 tỷ"
09/08/2021,"1359,86","+18,41(+1,37%)",688.432.584,"22.629,00 tỷ",32.012.800,"1.466,59 tỷ",32.253.800,"1.356,48 tỷ"
06/08/2021,"1341,45","-4,10(-0,30%)",736.160.871,"22.511,00 tỷ",27.909.100,"1.131,45 tỷ",27.230.400,"1.093,61 tỷ"
05/08/2021,"1345,55","+10,81(+0,81%)",635.468.265,"19.324,00 tỷ",47.849.480,"2.265,18 tỷ",27.703.380,"1.160,98 tỷ"
04/08/2021,"1334,74","+2,30(+0,17%)",661.800.172,"21.284,00 tỷ",42.372.900,"1.997,36 tỷ",22.610.560,"1.167,57 tỷ"
03/08/2021,"1332,44","+18,22(+1,39%)",647.012.746,"21.495,00 tỷ",33.845.425,"1.384,14 tỷ",24.696.333,"1.224,98 tỷ"
02/08/2021,"1314,22","+4,17(+0,32%)",614.533.756,"19.791,00 tỷ",31.307.900,"1.442,35 tỷ",23.511.130,"1.145,50 tỷ"
30/07/2021,"1310,05","+16,45(+1,27%)",644.437.796,"21.759,00 tỷ",37.604.800,"1.898,10 tỷ",28.128.300,"1.446,23 tỷ"
29/07/2021,"1293,60","+16,53(+1,29%)",491.061.034,"16.279,00 tỷ",47.351.800,"1.617,52 tỷ",54.226.100,"1.688,27 tỷ"
28/07/2021,"1277,07","+0,14(+0,01%)",406.887.068,"13.064,00 tỷ",18.876.900,"802,42 tỷ",17.323.860,"741,01 tỷ"
27/07/2021,"1276,93","+4,22(+0,33%)",566.746.020,"18.550,00 tỷ",43.612.300,"2.256,41 tỷ",35.295.700,"1.969,73 tỷ"
26/07/2021,"1272,71","+3,88(+0,31%)",508.547.170,"16.137,00 tỷ",28.582.048,"1.327,58 tỷ",31.492.900,"1.398,27 tỷ"
23/07/2021,"1268,83","-24,84(-1,92%)",582.254.124,"19.329,00 tỷ",27.622.815,"1.336,78 tỷ",31.768.311,"1.547,27 tỷ"
22/07/2021,"1293,67","+22,88(+1,80%)",536.411.753,"17.006,00 tỷ",30.717.271,"1.245,60 tỷ",33.775.311,"1.772,32 tỷ"
21/07/2021,"1270,79","-2,50(-0,20%)",451.951.637,"16.003,00 tỷ",26.338.600,"1.441,20 tỷ",49.096.528,"2.892,32 tỷ"
20/07/2021,"1273,29","+29,78(+2,39%)",568.601.882,"17.879,00 tỷ",44.456.300,"1.772,28 tỷ",44.582.600,"2.080,51 tỷ"
19/07/2021,"1243,51","-55,80(-4,29%)",731.023.345,"21.848,00 tỷ",33.271.234,"1.462,51 tỷ",38.762.934,"1.560,85 tỷ"
16/07/2021,"1299,31","+5,39(+0,42%)",465.415.299,"15.458,00 tỷ",36.443.700,"1.751,41 tỷ",40.403.100,"1.682,43 tỷ"
15/07/2021,"1293,92","+14,01(+1,09%)",439.929.193,"15.144,00 tỷ",52.228.700,"2.308,85 tỷ",30.812.010,"1.571,96 tỷ"
14/07/2021,"1279,91","-17,63(-1,36%)",592.758.094,"19.324,00 tỷ",50.379.080,"2.457,82 tỷ",43.255.780,"2.122,98 tỷ"
13/07/2021,"1297,54","+1,24(+0,10%)",539.601.346,"15.915,00 tỷ",38.209.500,"1.565,49 tỷ",35.863.200,"1.777,03 tỷ"
12/07/2021,"1296,30","-50,84(-3,77%)",961.739.463,"31.615,00 tỷ",80.759.300,"3.354,04 tỷ",36.973.000,"1.952,81 tỷ"
09/07/2021,"1347,14","-27,54(-2,00%)",760.341.110,"25.709,00 tỷ",52.778.800,"2.708,60 tỷ",33.267.676,"1.919,49 tỷ"
08/07/2021,"1374,68","-13,87(-1,00%)",552.300.939,"20.198,00 tỷ",40.280.272,"2.007,52 tỷ",40.940.672,"2.246,04 tỷ"
07/07/2021,"1388,55","+33,76(+2,49%)",785.186.460,"26.596,00 tỷ",83.339.660,"3.719,42 tỷ",35.400.360,"1.638,08 tỷ"
06/07/2021,"1354,79","-56,34(-3,99%)",803.157.293,"28.673,00 tỷ",36.958.383,"1.979,61 tỷ",37.046.883,"1.932,92 tỷ"
05/07/2021,"1411,13","-9,14(-0,64%)",817.327.351,"28.036,00 tỷ",34.577.630,"1.741,80 tỷ",35.148.330,"1.810,64 tỷ"
02/07/2021,"1420,27","+3,19(+0,23%)",706.826.827,"26.040,00 tỷ",42.120.530,"3.094,76 tỷ",24.172.218,"1.161,60 tỷ"
01/07/2021,"1417,08","+8,53(+0,61%)",753.563.531,"26.131,00 tỷ",32.571.000,"1.452,71 tỷ",31.708.200,"1.684,47 tỷ"
30/06/2021,"1408,55","-1,49(-0,11%)",595.285.664,"21.055,00 tỷ",46.126.412,"3.182,38 tỷ",30.056.077,"1.426,15 tỷ"
29/06/2021,"1410,04","+4,23(+0,30%)",647.389.173,"21.324,00 tỷ",32.128.700,"1.606,97 tỷ",32.762.422,"1.560,85 tỷ"
28/06/2021,"1405,81","+15,69(+1,13%)",699.512.167,"23.192,00 tỷ",24.089.600,"1.176,14 tỷ",29.214.777,"1.392,30 tỷ"
25/06/2021,"1390,12","+10,40(+0,75%)",598.105.590,"19.127,00 tỷ",29.085.200,"1.541,52 tỷ",31.476.590,"1.458,58 tỷ"
24/06/2021,"1379,72","+2,85(+0,21%)",591.749.340,"18.484,00 tỷ",28.294.400,"1.195,73 tỷ",23.181.773,"1.010,93 tỷ"
23/06/2021,"1376,87","-3,10(-0,22%)",710.770.695,"21.124,00 tỷ",25.085.700,"1.343,71 tỷ",23.039.000,"1.179,48 tỷ"
22/06/2021,"1379,97","+7,34(+0,53%)",746.947.557,"22.393,00 tỷ",35.119.300,"1.920,31 tỷ",39.791.606,"1.818,68 tỷ"
21/06/2021,"1372,63","-5,14(-0,37%)",768.183.176,"22.660,00 tỷ",24.898.511,"1.200,95 tỷ",51.009.011,"2.300,61 tỷ"
18/06/2021,"1377,77","+17,85(+1,31%)",809.465.947,"23.734,00 tỷ",52.506.300,"2.558,34 tỷ",51.972.605,"2.193,13 tỷ"
17/06/2021,"1359,92","+3,40(+0,25%)",768.729.797,"22.518,00 tỷ",35.675.760,"1.702,96 tỷ",40.869.849,"1.816,03 tỷ"
16/06/2021,"1356,52","-10,84(-0,79%)",769.633.642,"23.433,00 tỷ",39.769.194,"1.769,95 tỷ",40.639.006,"1.836,35 tỷ"
15/06/2021,"1367,36","+5,64(+0,41%)",730.942.289,"24.425,00 tỷ",39.449.900,"1.876,80 tỷ",37.929.300,"1.765,41 tỷ"
14/06/2021,"1361,72","+9,98(+0,74%)",775.724.500,"25.335,00 tỷ",39.401.666,"1.756,98 tỷ",46.354.336,"1.834,17 tỷ"
11/06/2021,"1351,74","+28,16(+2,13%)",731.261.767,"23.765,00 tỷ",43.847.133,"1.932,11 tỷ",33.525.833,"1.318,30 tỷ"
10/06/2021,"1323,58","-9,32(-0,70%)",723.488.009,"25.351,00 tỷ",42.268.122,"2.081,96 tỷ",42.399.622,"1.832,50 tỷ"
09/06/2021,"1332,90","+13,02(+0,99%)",822.292.698,"25.873,00 tỷ",45.700.700,"1.728,19 tỷ",64.381.108,"2.375,60 tỷ"
08/06/2021,"1319,88","-38,90(-2,86%)",924.505.795,"30.296,00 tỷ",39.947.200,"1.822,08 tỷ",47.938.238,"2.179,90 tỷ"
07/06/2021,"1358,78","-15,27(-1,11%)",876.692.825,"28.922,00 tỷ",35.545.000,"1.543,74 tỷ",48.881.500,"2.190,59 tỷ"
04/06/2021,"1374,05","+9,77(+0,72%)",943.329.047,"31.308,00 tỷ",41.734.000,"1.678,50 tỷ",63.931.355,"3.191,56 tỷ"
03/06/2021,"1364,28","+23,50(+1,75%)",898.882.094,"29.308,00 tỷ",34.903.470,"1.461,03 tỷ",50.052.570,"2.509,23 tỷ"
02/06/2021,"1340,78","+3,00(+0,22%)",805.241.535,"26.142,00 tỷ",32.729.405,"1.613,65 tỷ",51.433.605,"2.826,14 tỷ"
01/06/2021,"1337,78","+9,73(+0,73%)",629.421.189,"21.762,00 tỷ",19.714.300,"815,61 tỷ",28.904.409,"1.409,31 tỷ"
31/05/2021,"1328,05","+7,59(+0,57%)",737.174.593,"25.458,00 tỷ",26.260.606,"1.281,06 tỷ",65.365.097,"2.965,65 tỷ"
28/05/2021,"1320,46","+16,89(+1,30%)",768.849.713,"24.798,00 tỷ",30.219.400,"1.251,48 tỷ",27.343.000,"1.235,52 tỷ"
27/05/2021,"1303,57","-13,13(-1,00%)",732.998.065,"24.088,00 tỷ",36.049.324,"1.750,98 tỷ",34.086.024,"1.643,06 tỷ"
26/05/2021,"1316,70","+8,12(+0,62%)",713.069.002,"21.689,00 tỷ",28.989.100,"1.113,75 tỷ",22.876.300,"993,88 tỷ"
25/05/2021,"1308,58","+10,60(+0,82%)",679.062.580,"21.246,00 tỷ",25.557.300,"1.152,84 tỷ",28.174.333,"1.237,21 tỷ"
24/05/2021,"1297,98","+14,05(+1,09%)",715.509.375,"23.635,00 tỷ",24.242.700,"1.034,43 tỷ",44.636.400,"1.668,13 tỷ"
21/05/2021,"1283,93","+5,71(+0,45%)",698.929.948,"23.667,00 tỷ",35.784.900,"2.186,23 tỷ",47.404.395,"2.494,15 tỷ"
20/05/2021,"1278,22","+15,73(+1,25%)",745.212.440,"22.728,00 tỷ",26.006.522,"1.224,96 tỷ",43.155.287,"1.783,43 tỷ"
19/05/2021,"1262,49","+9,81(+0,78%)",694.351.795,"21.593,00 tỷ",30.275.662,"1.280,36 tỷ",39.656.534,"1.593,63 tỷ"
18/05/2021,"1252,68","-6,02(-0,48%)",692.480.943,"21.011,00 tỷ",23.844.400,"1.038,27 tỷ",35.933.300,"1.695,07 tỷ"
17/05/2021,"1258,70","-7,66(-0,60%)",758.291.697,"22.824,00 tỷ",25.278.800,"1.143,95 tỷ",54.750.685,"2.409,69 tỷ"
14/05/2021,"1266,36","+4,37(+0,35%)",730.985.934,"22.032,00 tỷ",14.210.330,"650,83 tỷ",49.721.730,"2.282,53 tỷ"
13/05/2021,"1261,99","-7,10(-0,56%)",711.521.202,"21.627,00 tỷ",24.810.943,"973,20 tỷ",50.546.159,"2.149,71 tỷ"
12/05/2021,"1269,09","+13,05(+1,04%)",700.671.791,"20.924,00 tỷ",26.310.810,"971,39 tỷ",35.760.210,"1.543,91 tỷ"
11/05/2021,"1256,04","-3,54(-0,28%)",770.093.786,"22.665,00 tỷ",38.370.600,"1.366,39 tỷ",38.845.219,"1.659,11 tỷ"
10/05/2021,"1259,58","+17,77(+1,43%)",773.055.922,"23.133,00 tỷ",46.752.190,"1.981,02 tỷ",39.433.490,"1.890,45 tỷ"
07/05/2021,"1241,81","-8,76(-0,70%)",783.041.147,"22.420,00 tỷ",43.236.000,"1.739,74 tỷ",44.437.892,"2.068,18 tỷ"
06/05/2021,"1250,57","-5,86(-0,47%)",730.503.864,"20.314,00 tỷ",38.291.900,"1.432,49 tỷ",58.641.900,"2.536,12 tỷ"
05/05/2021,"1256,43","+14,23(+1,15%)",744.427.580,"21.209,00 tỷ",26.242.600,"931,94 tỷ",42.800.149,"1.705,05 tỷ"
04/05/2021,"1242,20","+2,81(+0,23%)",798.493.636,"21.481,00 tỷ",45.640.641,"1.935,22 tỷ",61.269.257,"2.627,91 tỷ"
29/04/2021,"1239,39","+9,84(+0,80%)",647.160.174,"19.300,00 tỷ",36.078.600,"1.560,46 tỷ",38.054.630,"1.947,79 tỷ"
28/04/2021,"1229,55","+9,80(+0,80%)",612.697.189,"15.409,00 tỷ",43.679.849,"1.837,33 tỷ",32.328.879,"1.437,97 tỷ"
27/04/2021,"1219,75","+3,98(+0,33%)",618.169.880,"15.459,00 tỷ",48.241.600,"1.987,60 tỷ",36.453.500,"1.574,98 tỷ"
26/04/2021,"1215,77","-32,76(-2,62%)",744.944.731,"19.295,00 tỷ",51.731.300,"2.289,45 tỷ",45.612.714,"2.210,36 tỷ"
23/04/2021,"1248,53","+20,71(+1,69%)",716.518.668,"20.089,00 tỷ",66.510.040,"3.446,51 tỷ",49.189.840,"3.095,96 tỷ"
22/04/2021,"1227,82","-40,46(-3,19%)",770.372.883,"20.663,00 tỷ",39.454.786,"2.299,24 tỷ",58.286.549,"2.407,64 tỷ"
20/04/2021,"1268,28","+7,70(+0,61%)",843.601.928,"23.100,00 tỷ",46.499.954,"1.920,72 tỷ",51.918.352,"2.470,99 tỷ"
19/04/2021,"1260,58","+21,87(+1,77%)",817.129.717,"19.804,00 tỷ",33.907.590,"1.282,80 tỷ",47.098.850,"2.023,55 tỷ"
16/04/2021,"1238,71","-8,54(-0,68%)",986.877.840,"21.759,00 tỷ",31.560.460,"1.099,59 tỷ",39.999.230,"1.657,08 tỷ"
15/04/2021,"1247,25","-8,62(-0,69%)",806.491.436,"20.645,00 tỷ",33.296.400,"1.459,47 tỷ",56.808.700,"2.288,94 tỷ"
14/04/2021,"1255,87","+7,54(+0,60%)",861.954.502,"19.345,00 tỷ",40.059.000,"1.438,62 tỷ",50.357.274,"2.429,94 tỷ"
13/04/2021,"1248,33","-4,12(-0,33%)",1.027.085.343,"23.470,00 tỷ",39.788.980,"2.112,07 tỷ",43.033.780,"1.984,63 tỷ"
12/04/2021,"1252,45","+20,79(+1,69%)",890.313.325,"21.517,00 tỷ",39.180.500,"1.507,10 tỷ",36.280.800,"1.716,47 tỷ"
09/04/2021,"1231,66","-3,23(-0,26%)",732.817.578,"18.208,00 tỷ",63.310.495,"3.867,80 tỷ",34.720.395,"1.535,15 tỷ"
08/04/2021,"1234,89","-7,49(-0,60%)",664.507.710,"14.522,00 tỷ",26.598.800,"1.118,29 tỷ",26.419.800,"1.129,05 tỷ"
07/04/2021,"1242,38","+2,42(+0,20%)",727.816.148,"16.522,00 tỷ",33.277.400,"1.357,79 tỷ",33.378.300,"1.415,47 tỷ"
06/04/2021,"1239,96","+3,91(+0,32%)",694.064.462,"16.896,00 tỷ",33.617.900,"1.339,06 tỷ",31.803.280,"1.342,77 tỷ"
05/04/2021,"1236,05","+11,60(+0,95%)",693.036.071,"16.815,00 tỷ",41.482.465,"1.623,16 tỷ",35.631.165,"1.475,35 tỷ"
02/04/2021,"1224,45","+8,35(+0,69%)",661.888.603,"16.389,00 tỷ",40.385.827,"1.339,59 tỷ",17.355.200,"624,20 tỷ"
01/04/2021,"1216,10","+24,66(+2,07%)",672.834.667,"16.949,00 tỷ",39.218.800,"1.802,90 tỷ",40.371.100,"1.762,35 tỷ"
31/03/2021,"1191,44","+5,08(+0,43%)",703.083.006,"14.609,00 tỷ",25.556.700,"1.091,67 tỷ",31.369.200,"1.308,40 tỷ"
30/03/2021,"1186,36","+10,68(+0,91%)",780.730.653,"16.948,00 tỷ",46.365.210,"1.574,14 tỷ",46.189.901,"1.864,69 tỷ"
29/03/2021,"1175,68","+13,47(+1,16%)",660.949.737,"14.509,00 tỷ",34.944.000,"1.266,83 tỷ",34.567.400,"1.422,41 tỷ"
26/03/2021,"1162,21","-0,89(-0,08%)",670.464.469,"15.614,00 tỷ",32.135.200,"1.035,95 tỷ",35.712.100,"1.319,67 tỷ"
25/03/2021,"1163,10","+1,29(+0,11%)",690.729.969,"17.434,00 tỷ",32.626.301,"1.687,16 tỷ",41.704.401,"1.420,06 tỷ"
24/03/2021,"1161,81","-21,64(-1,83%)",750.476.625,"17.649,00 tỷ",24.502.400,"906,96 tỷ",39.840.309,"1.291,47 tỷ"
23/03/2021,"1183,45","-10,98(-0,92%)",683.720.105,"15.415,00 tỷ",38.477.133,"1.020,53 tỷ",39.037.833,"1.303,89 tỷ"
22/03/2021,"1194,43","+0,38(+0,03%)",700.869.077,"15.792,00 tỷ",47.745.530,"1.246,39 tỷ",55.273.261,"1.712,17 tỷ"
19/03/2021,"1194,05","-6,89(-0,57%)",680.901.133,"17.228,00 tỷ",64.055.224,"2.205,03 tỷ",93.891.824,"3.328,10 tỷ"
18/03/2021,"1200,94","+14,85(+1,25%)",628.635.256,"15.406,00 tỷ",41.558.800,"1.286,78 tỷ",50.465.600,"1.635,88 tỷ"
17/03/2021,"1186,09","+6,19(+0,52%)",701.092.098,"15.832,00 tỷ",27.976.720,"1.101,67 tỷ",54.675.120,"2.116,66 tỷ"
16/03/2021,"1179,90","-4,66(-0,39%)",683.853.839,"15.313,00 tỷ",29.606.980,"888,28 tỷ",30.533.280,"1.143,83 tỷ"
15/03/2021,"1184,56","+3,00(+0,25%)",676.964.326,"15.105,00 tỷ",26.134.300,"926,26 tỷ",32.563.800,"1.333,13 tỷ"
12/03/2021,"1181,56","-0,17(-0,01%)",624.704.911,"14.582,00 tỷ",28.633.400,"1.096,87 tỷ",29.317.994,"1.334,74 tỷ"
11/03/2021,"1181,73","+11,65(+1,00%)",629.100.607,"15.111,00 tỷ",30.546.300,"1.084,08 tỷ",32.303.970,"1.351,23 tỷ"
10/03/2021,"1170,08","+8,11(+0,70%)",723.921.771,"17.926,00 tỷ",128.185.900,"4.205,62 tỷ",140.632.850,"4.679,49 tỷ"
09/03/2021,"1161,97","-6,30(-0,54%)",641.433.823,"15.133,00 tỷ",28.774.603,"1.082,47 tỷ",61.249.803,"2.222,91 tỷ"
08/03/2021,"1168,27","-0,42(-0,04%)",652.703.157,"15.584,00 tỷ",24.592.462,"902,21 tỷ",58.992.862,"2.149,01 tỷ"
05/03/2021,"1168,69","+0,17(+0,01%)",594.835.364,"14.991,00 tỷ",31.406.150,"1.193,17 tỷ",77.181.250,"2.539,20 tỷ"
04/03/2021,"1168,52","-18,43(-1,55%)",673.449.921,"16.800,00 tỷ",34.250.700,"1.277,23 tỷ",38.293.300,"1.506,47 tỷ"
03/03/2021,"1186,95","+0,34(+0,03%)",631.671.749,"15.297,00 tỷ",32.844.407,"1.378,78 tỷ",43.079.067,"1.846,02 tỷ"
02/03/2021,"1186,61","+0,44(+0,04%)",577.004.910,"15.217,00 tỷ",27.633.320,"1.036,84 tỷ",45.662.814,"1.756,53 tỷ"
01/03/2021,"1186,17","+17,70(+1,51%)",643.381.191,"16.024,00 tỷ",38.258.200,"1.362,70 tỷ",38.784.900,"1.570,92 tỷ"
26/02/2021,"1168,47","+3,04(+0,26%)",554.462.692,"14.870,00 tỷ",27.116.991,"1.145,70 tỷ",40.391.046,"1.619,04 tỷ"
25/02/2021,"1165,43","+3,42(+0,29%)",510.432.491,"13.350,00 tỷ",19.495.800,"761,68 tỷ",31.131.400,"1.219,94 tỷ"
24/02/2021,"1162,01","-15,63(-1,33%)",602.996.255,"15.017,00 tỷ",19.720.830,"721,08 tỷ",39.197.630,"1.401,40 tỷ"
23/02/2021,"1177,64","+2,60(+0,22%)",598.266.663,"15.421,00 tỷ",24.923.914,"909,02 tỷ",44.485.700,"1.525,15 tỷ"
22/02/2021,"1175,04","+1,54(+0,13%)",630.036.515,"15.297,00 tỷ",26.104.400,"961,06 tỷ",44.783.740,"1.570,95 tỷ"
19/02/2021,"1173,50","-0,88(-0,07%)",578.282.998,"14.745,00 tỷ",36.944.240,"1.435,88 tỷ",41.347.236,"1.445,91 tỷ"
18/02/2021,"1174,38","+18,60(+1,61%)",614.819.219,"15.130,00 tỷ",51.376.771,"1.989,63 tỷ",41.889.131,"1.371,14 tỷ"
17/02/2021,"1155,78","+40,85(+3,66%)",568.032.417,"13.898,00 tỷ",49.985.106,"1.723,85 tỷ",27.326.206,"1.023,53 tỷ"
09/02/2021,"1114,93","+31,75(+2,93%)",519.814.193,"12.664,00 tỷ",42.211.600,"1.654,68 tỷ",55.403.070,"2.138,95 tỷ"
08/02/2021,"1083,18","-43,73(-3,88%)",696.599.614,"16.562,00 tỷ",34.484.700,"1.347,89 tỷ",76.087.000,"2.758,01 tỷ"
05/02/2021,"1126,91","+14,72(+1,32%)",529.870.404,"12.416,00 tỷ",53.272.173,"1.806,32 tỷ",37.246.265,"1.374,01 tỷ"
04/02/2021,"1112,19","+0,90(+0,08%)",523.406.058,"12.431,00 tỷ",52.734.900,"1.771,11 tỷ",61.326.110,"1.611,90 tỷ"
03/02/2021,"1111,29","+35,76(+3,32%)",703.174.514,"15.886,00 tỷ",71.253.900,"2.806,97 tỷ",60.460.435,"1.639,71 tỷ"
02/02/2021,"1075,53","+40,02(+3,86%)",602.615.811,"13.160,00 tỷ",52.499.500,"1.825,36 tỷ",55.104.490,"1.719,67 tỷ"
01/02/2021,"1035,51","-21,10(-2,00%)",634.333.751,"13.651,00 tỷ",63.482.400,"1.913,15 tỷ",61.695.400,"1.734,53 tỷ"
29/01/2021,"1056,61","+32,67(+3,19%)",797.385.652,"17.830,00 tỷ",91.255.690,"3.064,41 tỷ",71.660.090,"1.929,38 tỷ"
28/01/2021,"1023,94","-73,23(-6,67%)",767.874.041,"18.395,00 tỷ",77.246.349,"2.926,93 tỷ",57.760.559,"2.431,35 tỷ"
27/01/2021,"1097,17","-38,95(-3,43%)",785.702.985,"16.779,00 tỷ",45.541.000,"1.523,06 tỷ",46.020.200,"1.505,90 tỷ"
26/01/2021,"1136,12","-29,93(-2,57%)",782.270.801,"16.274,00 tỷ",35.316.900,"1.125,76 tỷ",38.632.900,"1.278,49 tỷ"
25/01/2021,"1166,05","-0,73(-0,06%)",707.236.185,"15.785,00 tỷ",52.134.100,"1.384,10 tỷ",47.500.758,"1.640,72 tỷ"
22/01/2021,"1166,78","+2,57(+0,22%)",758.315.840,"16.021,00 tỷ",61.777.500,"1.967,01 tỷ",60.064.500,"2.023,74 tỷ"
21/01/2021,"1164,21","+29,53(+2,60%)",721.919.685,"15.758,00 tỷ",43.506.000,"1.418,01 tỷ",57.077.500,"1.669,45 tỷ"
20/01/2021,"1134,68","+3,68(+0,33%)",839.300.719,"17.790,00 tỷ",68.298.160,"2.409,06 tỷ",67.331.732,"2.191,63 tỷ"
19/01/2021,"1131,00","-60,94(-5,11%)",986.187.155,"20.363,00 tỷ",63.486.248,"2.502,37 tỷ",68.615.548,"2.399,55 tỷ"
18/01/2021,"1191,94","-2,26(-0,19%)",747.415.059,"17.169,00 tỷ",42.087.900,"1.390,56 tỷ",55.466.400,"1.948,51 tỷ"
15/01/2021,"1194,20","+6,80(+0,57%)",783.113.133,"18.698,00 tỷ",36.462.275,"1.126,21 tỷ",60.793.008,"3.232,09 tỷ"
14/01/2021,"1187,40","+1,35(+0,11%)",779.343.266,"17.077,00 tỷ",60.273.500,"2.371,28 tỷ",36.464.630,"1.426,36 tỷ"
13/01/2021,"1186,05","-6,23(-0,52%)",819.291.996,"18.193,00 tỷ",47.274.114,"1.588,92 tỷ",51.556.104,"1.869,84 tỷ"
12/01/2021,"1192,28","+7,39(+0,62%)",719.934.730,"15.804,00 tỷ",44.266.560,"1.467,95 tỷ",60.169.942,"1.747,38 tỷ"
11/01/2021,"1184,89","+17,20(+1,47%)",845.851.690,"18.540,00 tỷ",51.818.700,"1.626,25 tỷ",67.827.300,"1.892,35 tỷ"
08/01/2021,"1167,69","+11,20(+0,97%)",808.314.023,"17.865,00 tỷ",43.556.160,"1.317,97 tỷ",50.935.953,"1.646,06 tỷ"
07/01/2021,"1156,49","+13,28(+1,16%)",763.739.596,"17.022,00 tỷ",46.436.000,"1.287,25 tỷ",48.004.300,"1.590,95 tỷ"
06/01/2021,"1143,21","+10,66(+0,94%)",790.451.912,"18.002,00 tỷ",50.993.700,"1.939,64 tỷ",45.966.800,"1.706,94 tỷ"
05/01/2021,"1132,55","+12,08(+1,08%)",763.427.860,"16.216,00 tỷ",47.462.600,"1.532,59 tỷ",35.580.930,"1.015,32 tỷ"
04/01/2021,"1120,47","+16,60(+1,50%)",764.079.496,"16.254,00 tỷ",32.331.290,"872,76 tỷ",42.930.224,"1.233,50 tỷ"
31/12/2020,"1103,87","+6,33(+0,58%)",527.818.627,"10.807,00 tỷ",23.817.280,"555,53 tỷ",14.964.020,"346,11 tỷ"
30/12/2020,"1097,54","-1,95(-0,18%)",676.978.950,"13.469,00 tỷ",28.069.190,"752,03 tỷ",32.175.670,"1.030,80 tỷ"
29/12/2020,"1099,49","+8,16(+0,75%)",678.818.432,"14.457,00 tỷ",30.291.620,"788,38 tỷ",33.118.880,"1.156,38 tỷ"
28/12/2020,"1091,33","+6,91(+0,64%)",723.882.551,"14.587,00 tỷ",32.878.070,"787,06 tỷ",43.315.330,"1.134,24 tỷ"
25/12/2020,"1084,42","+16,90(+1,58%)",652.808.639,"12.918,00 tỷ",16.152.250,"322,67 tỷ",26.319.070,"562,44 tỷ"
24/12/2020,"1067,52","-11,38(-1,05%)",757.318.877,"14.181,00 tỷ",22.568.300,"691,10 tỷ",32.194.482,"766,04 tỷ"
23/12/2020,"1078,90","-4,55(-0,42%)",813.169.564,"14.949,00 tỷ",31.269.163,"1.008,98 tỷ",44.704.126,"1.174,25 tỷ"
22/12/2020,"1083,45","+2,37(+0,22%)",756.114.347,"14.590,00 tỷ",27.107.800,"801,32 tỷ",32.214.150,"885,24 tỷ"
21/12/2020,"1081,08","+13,62(+1,28%)",713.662.252,"14.336,00 tỷ",36.407.320,"978,42 tỷ",37.438.480,"833,99 tỷ"
18/12/2020,"1067,46","+15,69(+1,49%)",623.638.382,"13.237,00 tỷ",57.877.860,"1.715,08 tỷ",58.481.260,"1.667,92 tỷ"
17/12/2020,"1051,77","-15,22(-1,43%)",667.888.063,"14.531,00 tỷ",31.066.870,"916,80 tỷ",55.305.730,"1.695,48 tỷ"
16/12/2020,"1066,99","+11,72(+1,11%)",591.566.382,"11.861,61 tỷ",30.785.210,"878,84 tỷ",39.995.125,"1.105,35 tỷ"
15/12/2020,"1055,27","-8,82(-0,83%)",675.180.208,"13.552,00 tỷ",42.382.250,"1.123,69 tỷ",64.300.424,"1.949,07 tỷ"
14/12/2020,"1064,09","+18,13(+1,73%)",583.588.995,"12.619,00 tỷ",47.734.010,"1.344,21 tỷ",64.074.564,"1.807,34 tỷ"
11/12/2020,"1045,96","+15,05(+1,46%)",463.771.359,"10.557,00 tỷ",46.103.697,"1.572,20 tỷ",34.266.390,"887,89 tỷ"
10/12/2020,"1030,91","-8,22(-0,79%)",626.451.597,"13.353,00 tỷ",48.926.920,"1.360,50 tỷ",43.324.994,"1.138,06 tỷ"
09/12/2020,"1039,13","+9,87(+0,96%)",586.051.690,"11.708,00 tỷ",31.178.920,"899,92 tỷ",34.713.150,"866,26 tỷ"
08/12/2020,"1029,26","-0,72(-0,07%)",527.667.121,"10.517,00 tỷ",34.197.760,"851,12 tỷ",37.359.000,"920,31 tỷ"
07/12/2020,"1029,98","+8,49(+0,83%)",520.338.686,"10.096,00 tỷ",33.560.650,"858,89 tỷ",29.784.870,"626,56 tỷ"
04/12/2020,"1021,49","+1,69(+0,17%)",553.590.343,"10.700,00 tỷ",35.861.770,"954,89 tỷ",39.606.076,"998,23 tỷ"
03/12/2020,"1019,80","+5,48(+0,54%)",518.905.499,"9.695,82 tỷ",44.879.910,"1.211,58 tỷ",28.993.280,"763,65 tỷ"
02/12/2020,"1014,32","+5,45(+0,54%)",684.524.912,"14.083,39 tỷ",41.309.260,"1.202,86 tỷ",102.420.984,"2.208,22 tỷ"
01/12/2020,"1008,87","+5,79(+0,58%)",583.307.874,"11.311,43 tỷ",50.477.890,"1.281,39 tỷ",34.279.910,"887,37 tỷ"
30/11/2020,"1003,08","-7,14(-0,71%)",532.930.170,"10.808,69 tỷ",50.026.040,"1.371,78 tỷ",42.313.734,"1.240,73 tỷ"
27/11/2020,"1010,22","+4,25(+0,42%)",446.435.493,"9.483,47 tỷ",51.782.631,"1.490,45 tỷ",48.052.458,"1.419,01 tỷ"
26/11/2020,"1005,97","+6,03(+0,60%)",493.557.788,"10.031,27 tỷ",31.840.392,"765,71 tỷ",49.537.712,"1.239,97 tỷ"
21/01/2022,"1472,89","+7,59(+0,52%)",811.346.348,"22.982,03 tỷ",32.195.000,"1.417,38 tỷ",63.641.162,"2.536,07 tỷ"
20/01/2022,"1465,30","+22,51(+1,56%)",785.761.705,"22.433,95 tỷ",33.817.600,"1.327,11 tỷ",37.451.300,"1.478,21 tỷ"
19/01/2022,"1442,79","+3,85(+0,27%)",637.630.549,"22.985,95 tỷ",38.612.490,"1.646,50 tỷ",69.817.371,"6.615,95 tỷ"
18/01/2022,"1438,94","-13,90(-0,96%)",739.291.705,"22.963,25 tỷ",56.981.900,"2.352,24 tỷ",27.913.455,"1.456,05 tỷ"
17/01/2022,"1452,84","-43,18(-2,89%)",987.100.239,"31.244,55 tỷ",45.193.400,"1.797,40 tỷ",43.436.399,"1.598,29 tỷ"
14/01/2022,"1496,02","-0,03(0,00%)",785.612.566,"22.867,45 tỷ",40.354.400,"1.576,51 tỷ",19.505.600,"808,30 tỷ"
13/01/2022,"1496,05","-14,46(-0,96%)",995.817.909,"30.845,10 tỷ",31.358.600,"1.607,70 tỷ",36.080.000,"1.727,47 tỷ"
12/01/2022,"1510,51","+18,20(+1,22%)",1.130.818.649,"35.708,97 tỷ",40.101.900,"1.856,84 tỷ",35.795.300,"1.423,79 tỷ"
11/01/2022,"1492,31","-11,40(-0,76%)",1.251.472.359,"35.944,29 tỷ",38.665.100,"1.626,82 tỷ",38.095.000,"1.521,14 tỷ"
10/01/2022,"1503,71","-24,77(-1,62%)",1.381.115.926,"41.813,31 tỷ",38.996.400,"2.056,90 tỷ",48.267.330,"2.522,09 tỷ"
07/01/2022,"1528,48","-0,09(-0,01%)",1.027.120.263,"31.899,79 tỷ",42.240.500,"2.233,84 tỷ",52.072.824,"2.710,90 tỷ"
06/01/2022,"1528,57","+6,07(+0,40%)",1.133.722.770,"35.394,43 tỷ",41.746.400,"2.061,54 tỷ",43.916.670,"2.331,94 tỷ"
05/01/2022,"1522,50","-3,08(-0,20%)",1.058.452.445,"32.955,67 tỷ",34.811.600,"1.589,59 tỷ",35.956.600,"1.849,74 tỷ"
10/02/2022,"1506,79","+1,41(+0,09%)",680.249.790,"21.946,16 tỷ",61.217.520,"2.379,03 tỷ",74.664.420,"3.115,98 tỷ"
09/02/2022,"1505,38","+4,39(+0,29%)",794.737.711,"25.237,37 tỷ",53.794.100,"2.322,41 tỷ",52.250.200,"2.108,88 tỷ"
08/02/2022,"1500,99","+3,33(+0,22%)",734.760.607,"22.556,20 tỷ",34.912.400,"1.346,63 tỷ",44.177.899,"1.697,06 tỷ"
07/02/2022,"1497,66","+18,70(+1,26%)",578.171.565,"18.053,85 tỷ",44.996.300,"2.157,78 tỷ",37.348.200,"1.853,24 tỷ"
28/01/2022,"1478,96","+8,20(+0,56%)",702.682.479,"20.661,98 tỷ",73.998.900,"2.608,06 tỷ",61.048.400,"2.270,78 tỷ"
27/01/2022,"1470,76","-10,82(-0,73%)",564.596.240,"16.774,38 tỷ",44.545.900,"1.732,08 tỷ",36.911.700,"1.588,25 tỷ"
26/01/2022,"1481,58","+2,00(+0,14%)",813.176.232,"23.502,44 tỷ",54.069.200,"2.362,71 tỷ",43.236.100,"2.043,06 tỷ"
25/01/2022,"1479,58","+39,87(+2,77%)",751.388.350,"22.212,34 tỷ",69.735.100,"2.891,93 tỷ",31.633.100,"1.615,75 tỷ"
24/01/2022,"1439,71","-33,18(-2,25%)",828.129.869,"24.787,38 tỷ",30.473.400,"1.483,99 tỷ",38.279.520,"1.709,02 tỷ"
